time_s,room_mean_C,floor_layer_C,head_height_C,glass_inside_C,sill_up,sill_down,sill_down_T_C,floor_away,floor_toward,radiator_top_up,cold_floor_reach_m,pattern_rms_K
7.5,20.0134,20.0147,20.0045,8.17695,1.31819e-05,0.0123989,17.1244,0.00305803,0,0.0159454,0.0000,1.13847
15,20.0275,19.7145,20.0083,8.17428,0,0.0179377,18.0232,0.0226509,0,0.00878845,0.0000,1.07493
22.5,20.0404,18.9395,20.0118,8.15287,0,0.0158085,17.7821,0.0497644,0,0.00934835,1.1222,1.00783
30,20.0501,18.3929,20.0224,8.14986,0,0.0143848,17.5531,0.0237158,0,0.00969885,2.4556,0.949257
37.5,20.0573,18.2656,20.026,8.17653,0,0.0199422,18.2046,0.0282845,0,0.0140165,3.0750,0.895822
45,20.0625,18.275,20.0367,8.36123,0,0.0315918,18.8219,0.0329059,0,0.0122699,3.4069,0.88424
52.5,20.0641,18.2404,20.2653,8.82906,0,0.0447238,19.8514,0.0358909,0,0.0163197,3.9675,0.856367
60,20.0684,18.7778,20.2871,8.64855,0,0.0331364,19.7139,0.0281201,0,0.0073502,3.9925,0.866005
67.5,20.0766,18.8315,20.3007,8.68484,0,0.0239222,19.1566,0.0183686,0.00133182,0.0108439,3.9925,0.860659
75,20.0865,18.6277,20.3239,8.7267,0,0.015444,18.2808,0.0192502,0.0050933,0.0120138,3.9975,0.82312
82.5,20.097,18.4963,20.37,8.69331,0.000974095,0.010994,17.1645,0.0192467,0.0041908,0.00847871,3.9975,0.779434
90,20.1044,18.4146,20.3881,8.62404,0.00463265,0.0120919,17.2385,0.0205612,0.00176841,0.01273,3.9975,0.732433
97.5,20.1093,18.3758,20.4151,8.52303,0.00448765,0.0123119,17.3005,0.0224079,0.00153476,0.00889599,3.9975,0.685056
105,20.1162,18.2964,20.4136,8.46867,0,0.0144434,17.8248,0.0236935,0.000771448,0.0132302,3.9975,0.639794
112.5,20.1238,18.2466,20.5089,8.56684,0,0.0225888,18.7977,0.023898,0.000394948,0.0121194,3.9975,0.596681
120,20.1313,18.265,20.5081,8.58825,0,0.0277399,19.0333,0.0248486,0.000288923,0.00882884,3.9975,0.590302
127.5,20.1382,18.3184,20.5511,8.65889,0,0.0217075,18.9199,0.0259601,0.000243065,0.00927131,3.9975,0.59454
135,20.1436,18.4308,20.6072,8.75929,0,0.0159318,18.2042,0.0222565,0.000770151,0.0103661,3.9975,0.610185
142.5,20.1489,18.4139,20.6252,8.74189,5.37798e-05,0.0139168,17.7506,0.0199032,0.00476553,0.00980153,3.9975,0.59393
150,20.1545,18.4934,20.5913,8.69364,0.00155902,0.0147251,17.8488,0.000931089,0.015083,0.0100638,3.9975,0.554246
157.5,20.16,18.548,20.6092,8.66112,0.00219393,0.0155917,18.0398,0,0.0163636,0.0109523,3.9975,0.505177
165,20.165,18.5156,20.5544,8.63836,0.00185854,0.0175173,18.3382,0.00693525,0,0.0116707,3.9975,0.50041
172.5,20.169,18.3966,20.4837,8.78133,0,0.0232243,19.0567,0.0187017,2.53086e-05,0.0112412,3.9975,0.469912
180,20.1727,18.324,20.4564,8.76258,0,0.0262208,19.3369,0.0137902,0.00084385,0.0103153,3.9975,0.432524
187.5,20.1761,18.311,20.4629,8.79788,0.000426839,0.0226002,19.0008,0.0198226,0.000919684,0.00965766,3.9975,0.427918
195,20.179,18.2864,20.4384,8.80168,0.00281559,0.0180287,18.6897,0.0182354,0.00185666,0.00921469,3.9975,0.442035
202.5,20.1823,18.2667,20.3815,8.78339,0.00446388,0.0152086,18.2393,0.0152374,0.00279942,0.00804734,3.9975,0.408868
210,20.1866,18.2715,20.3539,8.81615,0.00192419,0.0141474,18.1073,0.00965126,0.00477033,0.00915525,3.9975,0.393653
217.5,20.1907,18.2686,20.3497,8.81758,0.00101983,0.0122634,17.7864,0.00331957,0.00814462,0.0106425,3.9975,0.371479
225,20.1947,18.2507,20.3543,8.81092,0.00033423,0.0126023,17.821,0.00270975,0.00811649,0.0100332,3.9975,0.351836
232.5,20.1986,18.2323,20.3728,8.79095,0,0.0153887,18.2893,0.00499802,0.00413532,0.0105243,3.9975,0.338756
240,20.2024,18.1657,20.4232,8.84034,0.000467789,0.0179289,18.6109,0.00740701,0.00233347,0.00959798,3.9975,0.32509
247.5,20.2061,18.1362,20.4655,8.86683,0.00109153,0.017768,18.7734,0.0117727,0.0020187,0.00927348,3.9975,0.33221
255,20.2104,18.1262,20.4982,8.84064,0.00270057,0.0169425,18.6571,0.00860506,0.00518549,0.00990516,3.9975,0.328875
262.5,20.2152,18.1442,20.5183,8.75609,0.00271569,0.0168605,18.4843,0.00450427,0.00757458,0.00911315,3.9975,0.311645
270,20.22,18.1765,20.5355,8.77829,0.0022098,0.0153242,18.3671,0.00314892,0.00742344,0.0105954,3.9975,0.292967
277.5,20.225,18.1582,20.556,8.78952,0.00243708,0.0147434,18.234,0.00337867,0.00714943,0.0132614,3.9975,0.288883
285,20.2298,18.1356,20.5821,8.82546,0.00186256,0.0150042,18.3357,0.0030665,0.00716417,0.013254,3.9975,0.27243
292.5,20.2343,18.1068,20.6216,8.84988,0.00140203,0.0157232,18.5045,0.00407716,0.00613279,0.0124163,3.9975,0.269799
300,20.2389,18.0781,20.6722,8.84703,0.000882987,0.0180247,18.8011,0.00589645,0.0047826,0.0118041,3.9975,0.270859
307.5,20.2433,18.0566,20.6916,8.84503,0.000421052,0.0205902,19.0477,0.00692696,0.00368608,0.012616,3.9975,0.271949
315,20.2476,18.065,20.6825,8.85821,0.000800572,0.019344,18.9403,0.00541113,0.00645736,0.0126071,3.9975,0.262193
322.5,20.2517,18.0848,20.6796,8.86966,0.00243409,0.0161806,18.6365,0.00276676,0.00878663,0.011967,3.9975,0.249672
330,20.2559,18.1013,20.6705,8.84514,0.0024739,0.0161271,18.5882,0.00353281,0.00477592,0.0125452,3.9975,0.254557
337.5,20.2604,18.0922,20.668,8.8414,0.00155493,0.0164199,18.6328,0.00520288,0.00430137,0.013276,3.9975,0.249129
345,20.2653,18.0644,20.6934,8.81317,0.00175922,0.0168993,18.5996,0.00655713,0.00508642,0.0135355,3.9975,0.248256
352.5,20.2698,18.0452,20.7125,8.89217,0.00151841,0.0173858,18.7571,0.00525096,0.00649618,0.0128605,3.9975,0.244193
360,20.2739,18.0513,20.7255,8.8871,0.00112899,0.017874,18.8456,0.00384091,0.00660584,0.0116238,3.9975,0.247734
367.5,20.278,18.0719,20.7236,8.8886,0.00103063,0.0184373,18.9098,0.00321987,0.00717689,0.0124988,3.9975,0.23205
375,20.2825,18.0926,20.713,8.88892,0.00177691,0.0177265,18.8264,0.0026329,0.00782489,0.0147204,3.9975,0.22649
382.5,20.2868,18.0945,20.7077,8.88295,0.00230321,0.0170141,18.721,0.00308826,0.00662601,0.0149904,3.9975,0.22756
390,20.2906,18.0888,20.7146,8.84532,0.00186771,0.0167774,18.6577,0.00438099,0.00486507,0.0139936,3.9975,0.229299
397.5,20.2949,18.0736,20.733,8.84704,0.00137224,0.0168455,18.6732,0.00578014,0.00464344,0.0139303,3.9975,0.235171
405,20.2992,18.0698,20.7539,8.88635,0.00138298,0.0165849,18.6418,0.00571454,0.00582765,0.0139778,3.9975,0.241108
412.5,20.3031,18.0765,20.7701,8.89619,0.00139528,0.0169093,18.703,0.00322584,0.0086228,0.0139365,3.9975,0.229825
420,20.3071,18.1041,20.7779,8.89958,0.00112158,0.0170169,18.773,0.00175219,0.00902017,0.0142807,3.9975,0.213469
427.5,20.3111,18.1271,20.7863,8.89354,0.00137332,0.0177236,18.8403,0.00188452,0.00628855,0.0147949,3.9975,0.210496
435,20.315,18.122,20.7931,8.89144,0.00110641,0.0182351,18.8913,0.00284406,0.00498537,0.0137872,3.9975,0.209985
442.5,20.3186,18.1,20.8063,8.87143,0.000866427,0.0176988,18.8308,0.00323758,0.0055577,0.0145084,3.9975,0.207377
450,20.322,18.0846,20.8228,8.87851,0.00110606,0.0182445,18.8897,0.00354089,0.00626319,0.0149853,3.9975,0.211178
457.5,20.3253,18.086,20.8287,8.90039,0.0010556,0.0184017,18.9276,0.00359423,0.0067005,0.0147476,3.9975,0.214024
465,20.3288,18.0876,20.8284,8.88539,0.00107701,0.0173931,18.8112,0.00259532,0.00818751,0.0148986,3.9975,0.207597
472.5,20.3324,18.1035,20.8266,8.8972,0.00131786,0.0173914,18.7811,0.00188996,0.0085845,0.013982,3.9975,0.195068
480,20.3358,18.1179,20.823,8.90224,0.00138838,0.0172675,18.8061,0.00252877,0.00571107,0.0120347,3.9975,0.192479
487.5,20.339,18.0955,20.8272,8.90063,0.00131813,0.0165977,18.7263,0.00403618,0.00450848,0.0108811,3.9975,0.192595
495,20.3421,18.0786,20.8361,8.88145,0.00115668,0.016433,18.6737,0.00385303,0.0052441,0.0111812,3.9975,0.187942
502.5,20.3452,18.0881,20.8451,8.88417,0.00114389,0.0165037,18.6827,0.00416925,0.0064168,0.0130316,3.9975,0.195026
510,20.3484,18.0815,20.8538,8.91236,0.00107733,0.0177031,18.8307,0.00387008,0.00684358,0.0136674,3.9975,0.199912
517.5,20.3515,18.0866,20.8586,8.90454,0.00103819,0.01759,18.8476,0.003098,0.00729168,0.011518,3.9975,0.189326
525,20.3546,18.0924,20.8635,8.91425,0.00126613,0.0173911,18.8214,0.00238766,0.00827683,0.00996411,3.9975,0.180603
532.5,20.3577,18.1102,20.8694,8.90646,0.000999573,0.0179924,18.8422,0.00207143,0.00768927,0.00733878,3.9975,0.169246
540,20.3605,18.1108,20.8794,8.92604,0.000655633,0.0190953,19.0092,0.00251941,0.00643752,0.00561189,3.9975,0.160706
547.5,20.3631,18.0991,20.8937,8.94559,0.00037834,0.0206336,19.1992,0.00313705,0.00643351,0.00754966,3.9975,0.16351
555,20.3655,18.0894,20.9052,8.96358,0.000269725,0.0210714,19.2663,0.00289856,0.0069796,0.00779671,3.9975,0.163883
562.5,20.368,18.0978,20.9129,8.94414,0.000366703,0.0208342,19.1955,0.00259109,0.00764065,0.00894214,3.9975,0.166441
570,20.3706,18.1059,20.9162,8.93232,0.000459039,0.0203424,19.1867,0.00237787,0.00753273,0.0087693,3.9975,0.164046
577.5,20.3735,18.1102,20.9216,8.92641,0.000710699,0.0202778,19.1502,0.00230208,0.00723365,0.00726432,3.9975,0.162687
585,20.3761,18.1122,20.9246,8.94801,0.000622971,0.0206517,19.2106,0.00217485,0.00715488,0.00577151,3.9975,0.156288
592.5,20.3787,18.1182,20.932,8.95108,0.000456165,0.0201247,19.1468,0.00245171,0.00701294,0.00571149,3.9975,0.154227
600,20.3811,18.1121,20.9432,8.94898,0.000219976,0.0213466,19.2545,0.00265378,0.00677358,0.00543289,3.9975,0.147984
607.5,20.3833,18.1093,20.9462,8.96671,0.000134522,0.0228923,19.4338,0.00261107,0.00677403,0.006753,3.9975,0.146385
615,20.3859,18.1184,20.9489,8.97795,0.00015056,0.0220234,19.3585,0.00286685,0.00718752,0.00820409,3.9975,0.151663
622.5,20.3884,18.1201,20.9571,8.9846,0.000284029,0.021398,19.3173,0.00292626,0.00660436,0.00603063,3.9975,0.15164
630,20.3911,18.1244,20.9625,8.90846,0.000466366,0.0213071,19.2327,0.00268991,0.00668043,0.00784515,3.9975,0.153046
637.5,20.3937,18.1362,20.9606,8.93351,0.0004367,0.0214921,19.3288,0.00231959,0.00788614,0.00325694,3.9975,0.14037
645,20.3969,18.1519,20.9688,8.9423,0.000200097,0.0205815,19.1624,0.00230296,0.00820468,0.00407562,3.9975,0.136075
652.5,20.3993,18.1373,20.9767,8.97411,2.99114e-05,0.0237096,19.4732,0.00228761,0.00712413,0.00526866,3.9975,0.132265
660,20.4022,18.1448,20.9805,8.9979,7.53869e-06,0.0237988,19.5361,0.00299188,0.00636131,0.00557119,3.9975,0.133911
667.5,20.4043,18.1402,20.9952,8.9851,0,0.0243953,19.5254,0.0028779,0.00710505,0.00426627,3.9975,0.129186
675,20.4072,18.1577,20.9974,8.95045,0,0.0251338,19.5602,0.00196457,0.00721267,0.00457109,3.9975,0.126773
682.5,20.4099,18.1847,21.0006,8.90987,0,0.0217463,19.35,0.00152114,0.00831944,0.0033013,3.9975,0.115876
690,20.413,18.1791,21.0118,9.00418,0,0.0243329,19.5612,0.00177157,0.00716797,0.00223199,3.9975,0.113156
697.5,20.4157,18.198,21.0098,8.97723,0,0.0248051,19.5223,0.00255658,0.0056992,0.00448453,3.9975,0.111088
705,20.4185,18.1818,21.0164,8.95391,0,0.0264487,19.6944,0.00223257,0.00692689,0.00209089,3.9975,0.107003
712.5,20.4209,18.1882,21.0185,8.94588,0,0.0279927,19.6816,0.00218555,0.00680635,0.00253742,3.9975,0.100251
720,20.4232,18.2088,21.0168,8.98946,0,0.0247527,19.6375,0.00154419,0.00690459,0.00123209,3.9975,0.103955
727.5,20.4262,18.2128,21.0261,8.99881,0,0.0224456,19.4311,0.0013851,0.00678977,0.00216431,3.9975,0.103807
735,20.4288,18.2387,21.0271,8.98674,0,0.0248404,19.5645,0.00165121,0.00394781,0.00222034,3.9975,0.106085
742.5,20.4314,18.2285,21.0126,8.97869,0,0.0273403,19.7649,0.00342961,0.00463794,0.00370913,3.9975,0.100351
750,20.4336,18.2046,21.0141,8.96718,0,0.0289988,19.7361,0.00302578,0.00610861,0.00174561,3.9975,0.0920868
757.5,20.4361,18.2439,21.0114,8.96365,0,0.0267472,19.6933,0.00154126,0.00766128,0.00118569,3.9975,0.0923851
765,20.4382,18.2474,21.0193,8.96429,0,0.0229467,19.4808,0.000991151,0.00980833,0.00199552,3.9975,0.0913088
772.5,20.4411,18.2676,21.0257,9.00348,0,0.0235246,19.5164,0.00144703,0.00643477,0.00133044,3.9975,0.095194
780,20.4429,18.2524,21.0086,9.05158,0,0.0260793,19.7146,0.00305541,0.00351949,0.00175256,3.9975,0.100862
787.5,20.4447,18.2368,21.0109,8.97495,0,0.0262239,19.6385,0.00419209,0.00427723,0.00054771,3.9975,0.0965401
795,20.4463,18.241,21.0092,8.9911,0,0.0296029,19.8392,0.00196289,0.00585428,0.00167392,3.9975,0.0844848
802.5,20.4485,18.2837,20.9964,8.92359,0,0.0253781,19.6158,0.00115857,0.00907052,0.00243154,3.9975,0.0866624
810,20.4507,18.2893,21.0162,9.02443,0,0.0243302,19.5445,0.00130905,0.0100298,0.00255613,3.9975,0.080042
817.5,20.4519,18.2871,21.0099,9.02894,0,0.0263415,19.6343,0.00171351,0.00647904,0.00202453,3.9975,0.0822213
825,20.454,18.2719,21.0099,9.00983,0,0.0256967,19.7239,0.00281351,0.0059556,0.00120813,3.9975,0.0785998
832.5,20.4556,18.2487,21.0126,9.03899,0,0.0277849,19.7183,0.00274208,0.00444696,0.00172985,3.9975,0.0832453
840,20.4569,18.3,21.001,8.97816,0,0.0245714,19.6518,0.00168314,0.0042107,0.00327315,3.9975,0.0799738
847.5,20.4588,18.2723,21.0292,8.98063,0,0.0269138,19.6828,0.0014374,0.00799506,0.00134778,3.9975,0.0779482
855,20.4602,18.316,21.0181,9.02876,0,0.0259136,19.6922,0.00121706,0.00850529,0.00159161,3.9975,0.0756303
862.5,20.4617,18.2891,21.0256,9.03066,0,0.0234985,19.5699,0.00105033,0.00887043,0.00449321,3.9975,0.0822405
870,20.4634,18.3008,21.0322,9.04842,0,0.026757,19.7149,0.00232278,0.0057014,0.00194668,3.9975,0.0858299
877.5,20.4644,18.2782,21.0114,8.96032,0,0.0278468,19.7743,0.00421829,0.00418873,0.0023127,3.9975,0.081664
885,20.4658,18.2758,21.0206,9.00027,0,0.0243103,19.5905,0.00208212,0.00535563,0.00113683,3.9975,0.0815465
892.5,20.4677,18.3016,21.0158,9.04227,0,0.0276748,19.7323,0.000825923,0.00665363,0.00266123,3.9975,0.0821945
900,20.469,18.3323,20.9963,9.06434,0,0.0240897,19.6319,0.002122,0.00705867,0.00674677,3.9975,0.0908683
907.5,20.4702,18.277,21.0265,9.0801,8.12871e-05,0.0240032,19.5924,0.00326987,0.00678867,0.00521187,3.9975,0.10819
915,20.4715,18.2911,21.0143,8.97916,3.00002e-05,0.0245408,19.5571,0.00226849,0.00643792,0.00150159,3.9975,0.0970353
922.5,20.4734,18.3201,21.0181,8.92997,6.53512e-05,0.02284,19.3962,0.000974995,0.00997,0.00179779,3.9975,0.0976525
930,20.4745,18.3383,21.0281,9.06671,2.58373e-05,0.0220257,19.4434,0.00121219,0.00874198,0.00354576,3.9975,0.0865746
937.5,20.4755,18.3278,21.0377,9.01384,0,0.0243665,19.6083,0.0020127,0.00407838,0.000825921,3.9975,0.10944
945,20.4774,18.3192,21.0411,8.98459,0,0.0270384,19.8082,0.00374309,0.00405886,0.002143,3.9975,0.0984923
952.5,20.4788,18.2974,21.0372,9.02826,0,0.0274744,19.6657,0.00369908,0.0044372,0.00307099,3.9975,0.0774075
960,20.4804,18.3105,21.022,9.02741,0,0.0290846,19.879,0.00241286,0.00550933,0.00525464,3.9975,0.0977725
967.5,20.4815,18.3286,21.0292,8.99517,0,0.026578,19.6999,0.00190565,0.00856998,0.00583728,3.9975,0.105862
975,20.483,18.3321,21.0411,8.95839,0,0.0241586,19.5417,0.0016824,0.00951876,0.00421838,3.9975,0.104296
982.5,20.4844,18.3366,21.0426,9.01339,0,0.0224469,19.4891,0.000917671,0.00914789,0.00150381,3.9975,0.0845737
990,20.4866,18.3549,21.0558,9.03531,0,0.0222628,19.4761,0.000771919,0.00811199,0.00137006,3.9975,0.083137
997.5,20.4879,18.3463,21.0602,9.00433,0,0.0261322,19.7924,0.00205088,0.00465652,0.0026318,3.9975,0.0910814
1005,20.4892,18.3217,21.0631,8.97142,0,0.0288819,19.7442,0.00491805,0.00453777,0.00180667,3.9975,0.0950614
1012.5,20.4902,18.2999,21.0569,9.01479,0,0.0306318,19.9319,0.00275747,0.00491402,0.00226553,3.9975,0.0956012
1020,20.4912,18.3433,21.0549,8.99767,0,0.0244787,19.662,0.000500369,0.00880412,0.00231416,3.9975,0.0849629
1027.5,20.4927,18.3769,21.0737,9.06826,0,0.0222126,19.4881,0.00120495,0.00957576,0.00432169,3.9975,0.0983977
1035,20.4938,18.3679,21.0494,8.99511,0,0.0270245,19.7324,0.00196598,0.00552408,0.00245632,3.9975,0.0883098
1042.5,20.4954,18.3499,21.0322,8.92504,0,0.0269887,19.7195,0.00335871,0.00544904,0.00148152,3.9975,0.0813753
1050,20.4963,18.3246,21.0445,9.02877,0,0.0290073,19.8113,0.00306711,0.00564417,0.00111694,3.9975,0.0847894
1057.5,20.4979,18.34,21.0197,9.05129,0,0.0268457,19.8189,0.00264823,0.00659293,0.00350298,3.9975,0.0953
1065,20.4993,18.3473,21.0411,9.00369,0,0.0240552,19.501,0.00193883,0.00963433,0.0068879,3.9975,0.114107
1072.5,20.5005,18.3507,21.0407,9.02982,0,0.0256724,19.747,0.00157142,0.00923895,0.00190449,3.9975,0.0801513
1080,20.5019,18.3478,21.0354,9.04321,0,0.0253912,19.6159,0.00140479,0.00893898,0.00216484,3.9975,0.0770224
1087.5,20.5035,18.3594,21.0472,9.02599,0,0.0228799,19.5699,0.00079368,0.00851794,0.00114239,3.9975,0.077431
1095,20.5044,18.3488,21.0611,9.06626,0,0.0244827,19.6471,0.00200166,0.00589574,0.00216725,3.9975,0.0865581
1102.5,20.5048,18.3461,21.0626,9.0384,0,0.0270535,19.7254,0.00321387,0.00456071,0.000820795,3.9975,0.0812315
1110,20.5061,18.323,21.0621,9.06037,0,0.0299864,19.9275,0.00245955,0.0058571,0.00141569,3.9975,0.0812617
1117.5,20.5065,18.3482,21.054,9.04617,0,0.0249214,19.6285,0.00137208,0.00772793,0.00342043,3.9975,0.0828354
1125,20.5079,18.3523,21.0669,9.13412,0,0.0276739,19.8228,0.00154763,0.00782899,0.0042078,3.9975,0.086907
1132.5,20.5087,18.3853,21.0379,8.9568,0,0.028269,19.7436,0.00226165,0.00670313,0.00411777,3.9975,0.0744232
1140,20.5098,18.3385,21.0332,9.04044,0,0.0249446,19.68,0.00184174,0.00796413,0.0013485,3.9975,0.0802549
1147.5,20.5111,18.3815,21.0482,9.03106,0,0.0225048,19.4333,0.00148354,0.00861355,0.00103602,3.9975,0.0835061
1155,20.5126,18.3607,21.0488,9.05517,0,0.025349,19.7198,0.00122233,0.00724559,0.0029558,3.9975,0.0755421
1162.5,20.5137,18.3691,21.0546,9.06517,0,0.0245542,19.6796,0.00251357,0.00703239,0.00513655,3.9975,0.0822312
1170,20.5141,18.3372,21.0697,9.10146,0,0.0270555,19.7634,0.00239992,0.00706357,0.000924585,3.9975,0.0824428
1177.5,20.5152,18.3585,21.0614,8.97625,0,0.0274651,19.7376,0.00163156,0.00726204,0.00192805,3.9975,0.0811925
1185,20.5161,18.363,21.0686,9.03612,0,0.0230463,19.5355,0.000926165,0.00867355,0.00258227,3.9975,0.0762754
1192.5,20.5168,18.3862,21.0783,9.09242,0,0.0231214,19.5392,0.00186545,0.00658409,0.00196102,3.9975,0.0818072
1200,20.5172,18.3798,21.065,8.97799,0,0.0280026,19.8239,0.00212197,0.00493506,0.00148887,3.9975,0.0801196
1207.5,20.5188,18.3673,21.0623,8.9453,0,0.0276539,19.7914,0.0025043,0.0063005,0.00145125,3.9975,0.0761436
1215,20.5195,18.3662,21.0676,9.05788,0,0.0257687,19.6735,0.00223239,0.00666958,0.0029128,3.9975,0.0662298
1222.5,20.5202,18.3628,21.0604,9.09134,0,0.0277991,19.8098,0.00193753,0.00628263,0.00196298,3.9975,0.0792908
1230,20.521,18.3804,21.0557,9.01028,0,0.027669,19.8029,0.00180991,0.00727962,0.00450197,3.9975,0.0787459
1237.5,20.5218,18.3758,21.0589,8.96596,0,0.0232567,19.5737,0.00167424,0.00860186,0.00110436,3.9975,0.0778352
1245,20.5235,18.3736,21.0663,9.08428,0,0.0259658,19.7088,0.00120881,0.00863121,0.00251234,3.9975,0.0685482
1252.5,20.5245,18.3945,21.0562,9.03572,0,0.0234333,19.5522,0.00155604,0.00729247,0.00371684,3.9975,0.0700329
1260,20.5247,18.3453,21.0778,9.0582,0,0.0257318,19.7707,0.00229854,0.00705355,0.00319255,3.9975,0.0870738
1267.5,20.525,18.3643,21.0731,9.06189,0,0.0279952,19.799,0.00249528,0.00622925,0.000511241,3.9975,0.0921568
1275,20.5257,18.3568,21.0754,9.06932,0,0.0265186,19.7949,0.00131647,0.00676093,0.00247799,3.9975,0.083491
1282.5,20.5262,18.374,21.0876,9.06993,0,0.0234829,19.5681,0.00115933,0.00708317,0.00486988,3.9975,0.0892478
1290,20.5269,18.3879,21.0845,9.04138,0,0.0277117,19.8603,0.00219187,0.00524854,0.0011418,3.9975,0.0885385
1297.5,20.5276,18.3722,21.053,8.96493,0,0.0293511,19.8257,0.00291448,0.00580085,0.00365494,3.9975,0.0830451
1305,20.5284,18.3772,21.0567,9.03541,0,0.0253009,19.6863,0.00210897,0.00687292,0.00142524,3.9975,0.0710861
1312.5,20.5294,18.3657,21.061,9.07004,0,0.0269359,19.7513,0.00209669,0.00754683,0.00253027,3.9975,0.0691879
1320,20.53,18.3839,21.043,9.01012,0,0.0242402,19.6358,0.00170367,0.00783844,0.00459817,3.9975,0.0833388
1327.5,20.5308,18.3694,21.0587,9.0722,5.25318e-05,0.0246305,19.6936,0.00196885,0.0086579,0.00380159,3.9975,0.0867359
1335,20.531,18.3832,21.0591,9.04317,0,0.0237589,19.5396,0.00224003,0.00743998,0.000997456,3.9975,0.0855944
1342.5,20.5324,18.3544,21.0697,9.08014,0,0.025631,19.7577,0.00118846,0.00776975,0.00241897,3.9975,0.0754325
1350,20.5328,18.3963,21.0872,9.04798,0,0.021163,19.4216,0.00152483,0.00757468,0.00343358,3.9975,0.0728528
1357.5,20.5332,18.3648,21.1041,9.04125,0,0.0262609,19.7612,0.00209712,0.00600309,0.00133504,3.9975,0.0849131
1365,20.5337,18.3966,21.0781,8.97073,0,0.0300358,19.8508,0.00250634,0.0056051,0.00249715,3.9975,0.0810114
1372.5,20.5342,18.3651,21.0806,9.02387,0,0.0253007,19.7509,0.00179822,0.00660775,0.00143603,3.9975,0.0740107
1380,20.5351,18.3681,21.0868,9.07941,0,0.0259647,19.7487,0.00186061,0.00589918,0.00277091,3.9975,0.0695493
1387.5,20.5355,18.3958,21.0639,9.06348,0,0.0279848,19.8089,0.00204295,0.00509128,0.00348675,3.9975,0.070885
1395,20.5359,18.3761,21.065,9.02045,0,0.0270074,19.8015,0.00244476,0.00694547,0.00303263,3.9975,0.0742432
1402.5,20.5362,18.3695,21.0746,9.02227,0,0.0242364,19.5863,0.00194795,0.00822578,0.00149903,3.9975,0.0776903
1410,20.5375,18.3812,21.0794,9.08376,0,0.0253596,19.7212,0.00109585,0.00864278,0.00314364,3.9975,0.0727975
1417.5,20.5379,18.4006,21.0792,9.05141,0,0.0213654,19.4328,0.00126704,0.00859068,0.00559132,3.9975,0.0735862
1425,20.5382,18.3742,21.0998,9.06493,0,0.0249407,19.6476,0.00216761,0.00697791,0.00105534,3.9975,0.0875601
1432.5,20.539,18.3842,21.0845,9.04964,0,0.0291366,19.8904,0.00292182,0.00569946,0.00181079,3.9975,0.0746695
1440,20.5398,18.3508,21.0842,9.00581,0,0.0253916,19.7304,0.00202503,0.00689033,0.00346378,3.9975,0.0735712
1447.5,20.5403,18.3824,21.0975,9.08213,0,0.0254821,19.711,0.00131763,0.00697165,0.00434802,3.9975,0.0763177
1455,20.54,18.4092,21.0815,9.10763,0,0.0281801,19.8805,0.00185186,0.00625051,0.0016499,3.9975,0.0719127
1462.5,20.5408,18.3843,21.0785,9.00874,0,0.0272373,19.7964,0.001926,0.00792044,0.00219589,3.9975,0.0817256
1470,20.5414,18.3969,21.085,9.03551,0,0.0228107,19.5407,0.00128856,0.00813944,0.00225137,3.9975,0.059988
1477.5,20.5425,18.3964,21.0873,9.06892,0,0.025884,19.7316,0.00171632,0.00644931,0.00176252,3.9975,0.0754794
1485,20.5426,18.3945,21.0715,9.10065,0,0.0278247,19.8442,0.00245097,0.00596764,0.00431415,3.9975,0.0789336
1492.5,20.5429,18.3797,21.083,9.00043,0,0.0245829,19.6357,0.00224604,0.00754643,0.00147352,3.9975,0.0888324
1500,20.5441,18.3755,21.0973,9.06272,0,0.0273368,19.7995,0.00114238,0.00869844,0.00192774,3.9975,0.0856931
1507.5,20.5452,18.4247,21.0911,9.07129,0,0.0234837,19.6261,0.00120411,0.00815855,0.00596455,3.9975,0.0883784
1515,20.5459,18.3846,21.1122,9.05744,0,0.0227367,19.5542,0.00171633,0.00777974,0.00563873,3.9975,0.102008
1522.5,20.5456,18.4035,21.1025,9.11741,0,0.027481,19.8371,0.00236338,0.00565571,0.000608762,3.9975,0.0996568
1530,20.5457,18.3835,21.0941,8.97074,0,0.0280174,19.7806,0.00231169,0.00626813,0.0015713,3.9975,0.0930689
1537.5,20.5457,18.3875,21.1085,9.11254,0,0.0237821,19.698,0.000911028,0.00749379,0.001729,3.9975,0.0822505
1545,20.546,18.4214,21.1125,9.069,0,0.0233289,19.602,0.0017099,0.00632402,0.00110534,3.9975,0.102637
1552.5,20.546,18.4081,21.0857,9.02308,0,0.0276181,19.8798,0.00188533,0.00479466,0.00371923,3.9975,0.0972925
1560,20.5466,18.4155,21.0822,8.98744,0,0.0262911,19.6327,0.00334712,0.00544052,0.000924652,3.9975,0.0814193
1567.5,20.5471,18.3646,21.0762,9.07995,0,0.0287473,19.8904,0.00298651,0.00567698,0.0022474,3.9975,0.0809914
1575,20.548,18.3965,21.0564,9.00594,4.85391e-06,0.0241559,19.6153,0.0020806,0.00735685,0.00596227,3.9975,0.122814
1582.5,20.5485,18.3873,21.0756,9.05107,0.000205196,0.0235828,19.5356,0.0024445,0.00908938,0.00653319,3.9975,0.129869
1590,20.5482,18.3924,21.0615,9.07308,9.39033e-06,0.0239977,19.6685,0.00192217,0.00836313,0.00145021,3.9975,0.0959707
1597.5,20.5491,18.3861,21.0797,9.02563,5.9269e-05,0.0229005,19.4589,0.000767992,0.0108982,0.00222586,3.9975,0.0921479
1605,20.5491,18.421,21.1006,9.07163,1.08971e-05,0.0224157,19.5268,0.000703469,0.00764279,0.00261513,3.9975,0.0941862
1612.5,20.5494,18.4086,21.1155,9.11957,0,0.0248763,19.7104,0.00390111,0.00344373,0.0011848,3.9975,0.123237
1620,20.5494,18.3662,21.1051,9.006,0,0.0309838,19.9383,0.00567106,0.00367704,0.00206053,3.9975,0.0891648
1627.5,20.5499,18.3676,21.0927,9.05354,0,0.0285437,19.8763,0.0019369,0.00469664,0.00179127,3.9975,0.0846894
1635,20.5503,18.4082,21.1041,9.10989,0,0.0286447,19.8679,0.00179946,0.00836445,0.0060373,3.9975,0.108746
1642.5,20.5506,18.4198,21.0878,9.04349,0,0.0240433,19.6736,0.0016971,0.00926194,0.0059798,3.9975,0.101884
1650,20.5511,18.3794,21.1006,9.01569,8.23808e-05,0.0247527,19.5868,0.00190558,0.00914935,0.00402903,3.9975,0.088788
1657.5,20.5512,18.4041,21.082,9.05357,1.76017e-05,0.0214819,19.5364,0.00186519,0.00753158,0.000650987,3.9975,0.09027
1665,20.5524,18.3769,21.1052,9.05668,1.40935e-05,0.0228568,19.4779,0.00132835,0.008227,0.00142076,3.9975,0.0836281
1672.5,20.5529,18.4128,21.1081,9.08862,0,0.0253221,19.7068,0.00153487,0.00603851,0.00291122,3.9975,0.0732993
1680,20.5534,18.3863,21.123,9.08417,0,0.0278855,19.8497,0.00299846,0.0062675,0.00312338,3.9975,0.0856273
1687.5,20.5534,18.3695,21.1187,9.0047,0,0.0305434,19.9777,0.00234148,0.00741696,0.00291579,3.9975,0.0815044
1695,20.5544,18.389,21.1037,9.01963,0,0.0265148,19.7647,0.000889991,0.00914452,0.00146758,3.9975,0.0695439
1702.5,20.5549,18.4189,21.1131,9.06429,1.02985e-06,0.0218949,19.4398,0.00120899,0.00792116,0.00303554,3.9975,0.0686041
1710,20.5552,18.4037,21.1012,9.06845,0,0.0247632,19.6691,0.00268178,0.00393302,0.00113572,3.9975,0.0866429
1717.5,20.5557,18.3892,21.0897,9.05933,0,0.0287225,19.8563,0.00406514,0.00454981,0.00133518,3.9975,0.0622409
1725,20.5558,18.371,21.0907,8.98796,0,0.0260295,19.7441,0.00295437,0.0064025,0.00152723,3.9975,0.0810165
1732.5,20.5566,18.3807,21.102,9.10422,0,0.0272479,19.8535,0.00186336,0.00927526,0.00343216,3.9975,0.0909962
1740,20.5566,18.4141,21.0914,9.06771,0,0.025364,19.6689,0.00134218,0.00945068,0.00471797,3.9975,0.0843797
1747.5,20.5572,18.3874,21.0958,9.09102,0,0.0255305,19.7936,0.00122336,0.0091391,0.00209228,3.9975,0.0604338
1755,20.5578,18.4109,21.0993,9.03858,0,0.0226815,19.462,0.00187362,0.00761159,0.00228804,3.9975,0.0640765
1762.5,20.5586,18.3735,21.1015,9.0598,0,0.0256428,19.773,0.00190262,0.00576457,0.000966969,3.9975,0.0756143
1770,20.5584,18.39,21.1015,9.08447,0,0.0271808,19.7824,0.00249429,0.00607003,0.00308623,3.9975,0.066159
1777.5,20.5584,18.3872,21.1162,9.06906,0,0.0251411,19.7924,0.00177892,0.00771214,0.00112277,3.9975,0.070678
1785,20.5591,18.385,21.1259,9.0694,0,0.0273005,19.7598,0.00103105,0.00873142,0.00160858,3.9975,0.0744012
1792.5,20.559,18.4211,21.1054,9.10874,0,0.0264589,19.8116,0.00127426,0.00635838,0.00544909,3.9975,0.0901743
1800,20.5593,18.389,21.1203,9.16677,0,0.0262747,19.7907,0.003204,0.00551081,0.00259156,3.9975,0.0854822
1807.5,20.5591,18.3785,21.1009,9.01554,0,0.0282735,19.8509,0.0028902,0.00408573,0.00155558,3.9975,0.086229
1815,20.5596,18.398,21.0889,9.03769,0,0.0265651,19.7011,0.0015244,0.00665465,0.00309546,3.9975,0.086382
1822.5,20.5598,18.4374,21.1019,9.04575,0,0.0221876,19.548,0.0015924,0.00932849,0.00139809,3.9975,0.0831887
1830,20.5603,18.3864,21.1021,9.06658,0,0.0261176,19.7314,0.00159175,0.00845751,0.00210651,3.9975,0.0719731
1837.5,20.5604,18.4144,21.0846,9.10992,0,0.026696,19.8611,0.00243251,0.00631015,0.00587782,3.9975,0.0860448
1845,20.5604,18.3812,21.1086,8.98223,0,0.0244262,19.592,0.00274187,0.00682111,0.00140282,3.9975,0.0797478
1852.5,20.5611,18.3809,21.1053,9.0126,0,0.0273818,19.7811,0.00139309,0.00706958,0.00156583,3.9975,0.0770185
1860,20.561,18.4369,21.0961,9.09496,0,0.0222393,19.6049,0.00108946,0.00847901,0.0024343,3.9975,0.0712029
1867.5,20.5617,18.3903,21.1227,9.07249,0,0.0228934,19.5411,0.00206972,0.00866243,0.0026694,3.9975,0.0890286
1875,20.5617,18.4113,21.1044,9.0893,0,0.0285666,19.8522,0.0022912,0.00540067,0.00198369,3.9975,0.0703047
1882.5,20.5622,18.3956,21.1048,9.03761,0,0.0267283,19.8352,0.00236738,0.00686994,0.00228403,3.9975,0.0683999
1890,20.5627,18.3747,21.1192,9.06955,0,0.0266309,19.6948,0.00141544,0.00783838,0.00226548,3.9975,0.0617622
1897.5,20.5626,18.43,21.1033,9.07193,0,0.0258677,19.8129,0.00135756,0.00654751,0.00124432,3.9975,0.0825014
1905,20.5632,18.3967,21.1117,9.10408,0,0.0266936,19.7943,0.00157085,0.00774334,0.00359894,3.9975,0.0756491
1912.5,20.5636,18.4226,21.1106,9.04058,0,0.0238587,19.6526,0.00205526,0.00654498,0.00140669,3.9975,0.0676242
1920,20.5644,18.3804,21.1192,9.10028,0,0.0274009,19.8621,0.00220459,0.00677518,0.00268259,3.9975,0.0656551
1927.5,20.5646,18.4082,21.1022,9.09861,0,0.0261257,19.7396,0.00201047,0.00733766,0.00285,3.9975,0.0735957
1935,20.5644,18.3911,21.1166,9.08956,0,0.0260095,19.7762,0.0013526,0.00867559,0.00155191,3.9975,0.0674242
1942.5,20.5648,18.4136,21.1185,9.01149,0,0.0237053,19.5528,0.00156962,0.00797576,0.00118528,3.9975,0.0677728
1950,20.5658,18.4015,21.1204,9.11579,0,0.0272477,19.8834,0.0012812,0.00688218,0.0024538,3.9975,0.0655246
1957.5,20.566,18.4207,21.1178,9.0966,0,0.023581,19.659,0.00247692,0.00658357,0.00438476,3.9975,0.0718667
1965,20.5659,18.3787,21.1354,9.15091,0,0.0278716,19.8646,0.00185653,0.00631754,0.00110525,3.9975,0.0743533
1972.5,20.5659,18.4379,21.1119,8.9958,0,0.0284678,19.8603,0.00165624,0.00660007,0.00201241,3.9975,0.0767911
1980,20.5661,18.4026,21.1192,9.0712,0,0.0254184,19.7552,0.00101283,0.0091132,0.00153347,3.9975,0.0724103
1987.5,20.5668,18.4453,21.1252,9.07512,0,0.0234042,19.5912,0.00158159,0.00715495,0.00167452,3.9975,0.0621142
1995,20.567,18.4083,21.1149,9.12105,0,0.0280443,19.8246,0.00219749,0.00470248,0.0026478,3.9975,0.0739651
2002.5,20.5671,18.4276,21.1068,8.99965,0,0.0258757,19.8034,0.00332058,0.00535584,0.00206545,3.9975,0.073595
2010,20.567,18.3683,21.1227,9.06037,0,0.0296372,19.916,0.00200501,0.0066633,0.00104404,3.9975,0.082997
2017.5,20.5677,18.4476,21.0978,9.09829,0,0.0256684,19.7893,0.00101153,0.00763275,0.00240555,3.9975,0.0825342
2025,20.568,18.4291,21.1245,9.05094,0,0.0221868,19.4677,0.000935237,0.0100698,0.0059825,3.9975,0.0888376
2032.5,20.5679,18.4371,21.123,9.07339,0,0.025941,19.7341,0.00200924,0.00665139,0.000830534,3.9975,0.0811705
2040,20.5681,18.4187,21.1117,9.10586,0,0.0286324,19.8969,0.00273385,0.00634892,0.00152458,3.9975,0.0789273
2047.5,20.5679,18.3977,21.1195,9.06942,0,0.0238735,19.6903,0.00166902,0.00728612,0.0019132,3.9975,0.0791735
2055,20.568,18.417,21.1321,9.0744,0,0.0260777,19.7389,0.00124225,0.00667542,0.00236916,3.9975,0.0845357
2062.5,20.5674,18.4506,21.109,9.0658,0,0.0293741,19.9341,0.00229087,0.00552061,0.00207743,3.9975,0.0735685
2070,20.568,18.4058,21.1086,9.00533,0,0.0273489,19.8455,0.00207311,0.00758596,0.00199112,3.9975,0.0760355
2077.5,20.5681,18.4314,21.1143,9.06721,0,0.0244865,19.6239,0.00137359,0.00841965,0.00275616,3.9975,0.0675967
2085,20.5686,18.4323,21.1022,9.09414,0,0.0269953,19.8198,0.00158022,0.0075639,0.00346442,3.9975,0.0814716
2092.5,20.5682,18.4255,21.096,9.09016,0,0.0270362,19.8242,0.00210656,0.00785644,0.00417713,3.9975,0.0824727
2100,20.5683,18.413,21.1063,8.97702,0,0.0232485,19.6035,0.00171857,0.00827709,0.000663475,3.9975,0.0845836
2107.5,20.5693,18.4155,21.1199,9.091,0,0.0268113,19.7578,0.00111078,0.00808431,0.00200392,3.9975,0.0798589
2115,20.5699,18.4516,21.1072,9.09114,0,0.0240192,19.6667,0.00150098,0.00685139,0.00586627,3.9975,0.087814
2122.5,20.5702,18.3995,21.1352,9.11903,0,0.0240921,19.6488,0.00208882,0.00721113,0.00329816,3.9975,0.094741
2130,20.5693,18.4264,21.1234,9.05973,0,0.0290794,19.9429,0.00232845,0.00598075,0.000956959,3.9975,0.0900694
2137.5,20.5696,18.4167,21.1135,8.97814,0,0.0271573,19.7883,0.00162104,0.0075899,0.00232252,3.9975,0.0905937
2145,20.5694,18.4392,21.1328,9.11591,0,0.0225029,19.6089,0.00106735,0.00899311,0.00167337,3.9975,0.0803573
2152.5,20.5697,18.445,21.1337,9.06997,0,0.0240953,19.6641,0.00152394,0.00609718,0.00104425,3.9975,0.0973512
2160,20.5696,18.4368,21.1081,9.02996,0,0.0283729,19.9147,0.00251905,0.00489221,0.00452745,3.9975,0.0943201
2167.5,20.5696,18.4236,21.1106,9.03894,0,0.0265599,19.6974,0.00338245,0.00544872,0.000527552,3.9975,0.0862729
2175,20.5698,18.3962,21.1063,9.07459,0,0.0300115,19.9378,0.00219044,0.00598361,0.00188909,3.9975,0.0763297
2182.5,20.5699,18.4487,21.0876,9.05777,0,0.0235243,19.6824,0.00128681,0.00811256,0.00588797,3.9975,0.101843
2190,20.5704,18.42,21.1133,9.07626,2.41823e-06,0.0247219,19.5984,0.00200453,0.00965277,0.00438315,3.9975,0.104151
2197.5,20.5697,18.444,21.0857,9.07946,0,0.026707,19.798,0.00187488,0.00704886,0.00150735,3.9975,0.0829074
2205,20.5704,18.409,21.1056,9.06457,0,0.025156,19.7185,0.00131262,0.00927648,0.00202957,3.9975,0.0734616
2212.5,20.5702,18.4328,21.1284,9.07904,0,0.0217423,19.485,0.00107328,0.00843986,0.00234099,3.9975,0.0684946
2220,20.5702,18.4271,21.1323,9.0771,0,0.0258254,19.7574,0.00232403,0.00554905,0.00122604,3.9975,0.0967646
2227.5,20.57,18.4194,21.11,9.01383,0,0.0299991,19.9505,0.00300084,0.00566395,0.00280938,3.9975,0.0823932
2235,20.5699,18.4025,21.1077,9.04612,0,0.0267297,19.7866,0.00209465,0.00669241,0.00132505,3.9975,0.0735999
2242.5,20.5703,18.4046,21.1113,9.13432,0,0.0281225,19.9179,0.00162543,0.0075727,0.00450481,3.9975,0.0841009
2250,20.5704,18.4425,21.0955,9.06101,0,0.0243459,19.6412,0.00170432,0.00772363,0.00662874,3.9975,0.0885323
2257.5,20.5702,18.394,21.1063,9.09204,0,0.0269144,19.8376,0.00187318,0.0083811,0.00311333,3.9975,0.0823938
2265,20.5701,18.4345,21.0956,9.01413,0,0.0227284,19.5334,0.00189986,0.0079819,0.000982759,3.9975,0.0854545
2272.5,20.5711,18.3888,21.1185,9.05807,1.43944e-06,0.0261568,19.7509,0.00099284,0.0089848,0.00283816,3.9975,0.0702458
2280,20.5713,18.4489,21.1086,9.10716,0,0.0228122,19.5975,0.00192858,0.00668835,0.00535942,3.9975,0.0717732
2287.5,20.5715,18.3875,21.1387,9.12586,0,0.0259201,19.7531,0.00248259,0.00651213,0.0015297,3.9975,0.0831129
2295,20.5714,18.4195,21.1221,9.01299,0,0.0296262,19.9101,0.00231644,0.00648816,0.00221464,3.9975,0.0787439
2302.5,20.5717,18.409,21.1166,9.05723,0,0.0249924,19.7264,0.00116985,0.00866412,0.0016137,3.9975,0.0696365
2310,20.5723,18.4301,21.1287,9.08882,0,0.0234387,19.5898,0.00176396,0.0077212,0.00268293,3.9975,0.0635249
2317.5,20.5723,18.4346,21.1095,9.09796,0,0.026891,19.7832,0.0023055,0.00412062,0.0022864,3.9975,0.0704241
2325,20.5724,18.4103,21.1019,9.05233,0,0.0283839,19.9035,0.00339174,0.0054874,0.00221825,3.9975,0.0742606
2332.5,20.5723,18.3999,21.1085,9.00986,0,0.0247414,19.6511,0.00190195,0.00742466,0.00126672,3.9975,0.0823485
2340,20.5729,18.4205,21.1142,9.1167,0,0.0265943,19.8292,0.00107993,0.0090085,0.00208459,3.9975,0.0694477
2347.5,20.573,18.4493,21.1034,9.07919,0,0.0230226,19.534,0.00167705,0.00822648,0.00645972,3.9975,0.0838045
2355,20.573,18.4025,21.1173,9.09141,0,0.0259683,19.7741,0.00197558,0.00783577,0.001055,3.9975,0.079603
2362.5,20.5734,18.4248,21.1116,9.06753,0,0.026658,19.7875,0.00203143,0.00735591,0.00165911,3.9975,0.0687738
2370,20.5739,18.3974,21.1188,9.05152,0,0.023661,19.6627,0.0013925,0.00813352,0.00236673,3.9975,0.0592223
2377.5,20.574,18.4198,21.1257,9.09132,3.39672e-06,0.0242279,19.6402,0.0016929,0.00724626,0.00352071,3.9975,0.0728977
2385,20.5735,18.4204,21.1178,9.1462,0,0.0275894,19.8556,0.00212618,0.00592122,0.000754845,3.9975,0.0809839
2392.5,20.5738,18.4106,21.1235,9.01439,0,0.0268561,19.7827,0.00196214,0.00728589,0.00210669,3.9975,0.076745
2400,20.5739,18.4113,21.1314,9.04037,0,0.0245514,19.6421,0.00124888,0.00823908,0.00400915,3.9975,0.0672621
2407.5,20.5744,18.4446,21.1298,9.11576,0,0.0260987,19.7686,0.00147127,0.00728157,0.00152883,3.9975,0.0725539
2415,20.574,18.4355,21.1165,9.04284,0,0.028304,19.8599,0.00191767,0.00667286,0.00304437,3.9975,0.0723436
2422.5,20.574,18.4233,21.1194,9.00992,0,0.0250957,19.7151,0.00214523,0.00689667,0.000868254,3.9975,0.0781949
2430,20.5746,18.4081,21.1242,9.09702,0,0.0283893,19.8437,0.00170374,0.0064713,0.00176167,3.9975,0.0813001
2437.5,20.5752,18.4414,21.1015,9.08171,0,0.0252969,19.7308,0.0018442,0.00621918,0.00518196,3.9975,0.0884994
2445,20.5753,18.4009,21.1259,9.10527,0,0.0253837,19.7665,0.00223022,0.00783403,0.00555722,3.9975,0.102877
2452.5,20.5748,18.4252,21.1178,9.08329,0,0.0255488,19.7584,0.00212829,0.00742364,0.000892954,3.9975,0.0873199
2460,20.575,18.4174,21.1293,9.01432,5.22105e-07,0.0242888,19.6359,0.00103149,0.00906714,0.0020635,3.9975,0.0891606
2467.5,20.5749,18.4427,21.143,9.1076,1.43972e-05,0.0227454,19.5722,0.000957278,0.00885747,0.00183316,3.9975,0.0889258
2475,20.5749,18.4475,21.1456,9.10099,0,0.022842,19.6082,0.00169147,0.00545657,0.00062401,3.9975,0.10795
2482.5,20.5743,18.4152,21.1344,9.03021,0,0.0277778,19.8973,0.00290928,0.00494803,0.00269269,3.9975,0.0953184
2490,20.5743,18.4241,21.1244,9.02846,0,0.0274351,19.7583,0.00351031,0.00422111,0.00100337,3.9975,0.0820855
2497.5,20.5744,18.3954,21.118,9.06793,0,0.0307019,19.9706,0.00321727,0.00489438,0.00239092,3.9975,0.0817416
2505,20.5747,18.419,21.0891,9.00038,0,0.0260849,19.7685,0.00206557,0.00728937,0.00579398,3.9975,0.114827
2512.5,20.5749,18.4237,21.1096,9.08144,9.84509e-05,0.0243778,19.6362,0.00212424,0.00944259,0.00568914,3.9975,0.111815
2520,20.5744,18.4234,21.0935,9.05633,2.21705e-05,0.0226923,19.6019,0.00195327,0.00856192,0.00222158,3.9975,0.0876003
2527.5,20.575,18.4112,21.1082,9.03387,9.51892e-05,0.0229683,19.4819,0.000989164,0.0104823,0.00158649,3.9975,0.0917133
2535,20.5747,18.4456,21.1211,9.09255,0,0.0223065,19.5525,0.000828866,0.00834498,0.00143001,3.9975,0.0860199
2542.5,20.5747,18.4155,21.1381,9.0934,0,0.0246643,19.6919,0.00292099,0.00513487,0.00100452,3.9975,0.10017
2550,20.5744,18.3903,21.132,9.06395,0,0.0298787,20.0109,0.0039005,0.00453237,0.00287886,3.9975,0.07844
2557.5,20.5742,18.3935,21.1282,9.0097,0,0.0271578,19.7649,0.00281739,0.00522479,0.00161873,3.9975,0.0704141
2565,20.5745,18.3953,21.1294,9.12656,0,0.0299533,19.9896,0.00160608,0.00656096,0.00461125,3.9975,0.0867341
2572.5,20.5745,18.4552,21.1097,9.0624,0,0.0246868,19.6877,0.00160765,0.00858023,0.00596367,3.9975,0.098822
2580,20.575,18.3984,21.1243,9.07633,1.47995e-05,0.0257018,19.7261,0.00174577,0.00922882,0.00424449,3.9975,0.0915408
2587.5,20.5748,18.4289,21.1051,9.01745,2.4527e-05,0.0213891,19.4918,0.00210978,0.00723946,0.00138496,3.9975,0.0789242
2595,20.5757,18.3831,21.1326,9.0923,3.62231e-05,0.0245246,19.6133,0.00148723,0.0081222,0.00133456,3.9975,0.0801037
2602.5,20.5754,18.4435,21.1292,9.07686,0,0.0240297,19.6653,0.00119528,0.00680344,0.00217385,3.9975,0.0662596
2610,20.5758,18.407,21.1523,9.07784,0,0.0253796,19.7335,0.00160353,0.00726399,0.00148713,3.9975,0.0783695
2617.5,20.5759,18.4179,21.1461,9.14476,0,0.0298709,20.0084,0.00255984,0.00618554,0.00350589,3.9975,0.0812074
2625,20.5758,18.414,21.134,9.00746,0,0.025114,19.7095,0.0027563,0.00613278,0.0015432,3.9975,0.0662718
2632.5,20.5763,18.3752,21.1355,9.08035,0,0.0301525,19.9363,0.00145205,0.00584324,0.00270356,3.9975,0.0594581
2640,20.5763,18.4624,21.0983,9.06216,0,0.0240676,19.6974,0.00187443,0.00622179,0.0020351,3.9975,0.0764724
2647.5,20.577,18.3808,21.1291,9.09808,0,0.0265717,19.7423,0.00211388,0.00811403,0.0026704,3.9975,0.0816983
2655,20.577,18.4462,21.109,9.03389,0,0.0244067,19.6674,0.00232933,0.00673633,0.00216266,3.9975,0.071
2662.5,20.5776,18.3841,21.1298,9.11696,0,0.0265034,19.8482,0.00160041,0.0090269,0.00154095,3.9975,0.0702604
2670,20.5776,18.4342,21.1278,9.08233,0,0.0249907,19.6422,0.00151488,0.00877804,0.0028122,3.9975,0.0708838
2677.5,20.5777,18.4198,21.1376,9.07072,0,0.0253353,19.7985,0.00119084,0.00768374,0.00108884,3.9975,0.077162
2685,20.5781,18.4156,21.1401,9.10019,0,0.0277054,19.8204,0.00217971,0.00710957,0.00304253,3.9975,0.0718291
2692.5,20.5787,18.4182,21.1356,9.08605,0,0.024694,19.7773,0.00197955,0.00620154,0.00184463,3.9975,0.0594106
2700,20.579,18.3917,21.1478,9.10115,0,0.0265015,19.7874,0.00170746,0.00711246,0.00238895,3.9975,0.0687063
2707.5,20.5786,18.4454,21.1367,9.08294,0,0.0267254,19.7783,0.00133886,0.0066233,0.000935319,3.9975,0.0725756
2715,20.579,18.4235,21.1427,9.0767,0,0.0280382,19.865,0.00129585,0.00786243,0.00148546,3.9975,0.0670234
2722.5,20.5788,18.433,21.1381,9.05919,0,0.0231048,19.6142,0.00162541,0.00729084,0.00155381,3.9975,0.0685763
2730,20.579,18.4123,21.1475,9.08229,0,0.0262029,19.7826,0.00212889,0.00560439,0.000727089,3.9975,0.0831604
2737.5,20.5789,18.4313,21.1211,9.13594,0,0.0296528,19.945,0.00263043,0.0052044,0.0025779,3.9975,0.0626113
2745,20.5788,18.4191,21.1196,9.00425,0,0.0260144,19.7695,0.00208297,0.00765156,0.0013396,3.9975,0.0748028
2752.5,20.5792,18.4052,21.1239,9.06192,0,0.0301035,19.8868,0.00127048,0.0089753,0.00280471,3.9975,0.0644452
2760,20.5791,18.4673,21.1016,9.10823,0,0.0239136,19.7503,0.00151639,0.00762941,0.00264695,3.9975,0.0633933
2767.5,20.5792,18.3953,21.1326,9.09646,0,0.0238062,19.6071,0.00173244,0.00851463,0.00312016,3.9975,0.0828767
2775,20.5788,18.4459,21.1119,9.10165,0,0.0264924,19.7636,0.00154709,0.00570728,0.000676362,3.9975,0.0910014
2782.5,20.5793,18.4256,21.1193,9.10694,0,0.027282,19.8513,0.00186733,0.0068776,0.00183692,3.9975,0.0597914
2790,20.5791,18.4148,21.1317,9.049,0,0.0240064,19.6195,0.00175372,0.00768485,0.00358923,3.9975,0.0676527
2797.5,20.5791,18.4186,21.1365,9.11431,0,0.0282265,19.8629,0.0015497,0.00688575,0.00157959,3.9975,0.0789221
2805,20.5786,18.4422,21.1263,9.07756,0,0.0281437,19.8917,0.00191898,0.00719883,0.00361198,3.9975,0.0870117
2812.5,20.5787,18.4056,21.1408,9.05633,0,0.0244771,19.7462,0.00111724,0.00879451,0.00156936,3.9975,0.0703098
2820,20.5789,18.4507,21.1461,9.09401,0,0.023743,19.6158,0.00116261,0.00716708,0.00246048,3.9975,0.0753079
2827.5,20.579,18.4429,21.1325,9.08079,0,0.027064,19.7731,0.00169063,0.00511041,0.00303202,3.9975,0.0785616
2835,20.5786,18.4304,21.1202,9.07346,0,0.0276173,19.9456,0.00298466,0.00578414,0.00307292,3.9975,0.0848728
2842.5,20.5786,18.4,21.1312,9.04806,0,0.0281945,19.7646,0.00253862,0.00622307,0.00091866,3.9975,0.0855878
2850,20.5791,18.4371,21.1198,9.10117,0,0.0279476,19.8971,0.00138668,0.00664792,0.00366836,3.9975,0.0910313
2857.5,20.579,18.4473,21.1249,9.0582,0,0.0219984,19.54,0.00101383,0.00949648,0.00696277,3.9975,0.0850809
2865,20.5792,18.4416,21.1372,9.10665,0,0.0247398,19.6646,0.0018106,0.00791336,0.00126587,3.9975,0.0874685
2872.5,20.5785,18.4563,21.1062,9.03013,0,0.0286149,19.8805,0.00217518,0.00564946,0.00216387,3.9975,0.085834
2880,20.5787,18.4096,21.1137,9.07541,0,0.0258534,19.7869,0.00182961,0.00759667,0.00141635,3.9975,0.0869466
2887.5,20.5789,18.4447,21.1332,9.07244,0,0.0230479,19.5664,0.00138938,0.00769246,0.00156212,3.9975,0.0706583
2895,20.5785,18.4393,21.1192,9.07795,0,0.0283031,19.8463,0.00146909,0.00621866,0.00276745,3.9975,0.0748141
2902.5,20.5783,18.4572,21.1041,9.04191,0,0.0268238,19.8658,0.00242845,0.0068171,0.00423799,3.9975,0.0878721
2910,20.578,18.3976,21.1234,9.06487,0,0.0269871,19.7373,0.00226243,0.00724988,0.00138722,3.9975,0.0865702
2917.5,20.5786,18.4322,21.0978,9.11554,0,0.025801,19.82,0.00155142,0.00644482,0.00337339,3.9975,0.0948499
2925,20.5787,18.4363,21.1151,9.02867,2.287e-05,0.0204839,19.377,0.00139078,0.0085443,0.00641836,3.9975,0.0890155
2932.5,20.5785,18.4176,21.1209,9.08659,0,0.026919,19.7978,0.00207789,0.00790328,0.00160576,3.9975,0.0856393
2940,20.5788,18.4505,21.1047,9.10219,0,0.0268041,19.8177,0.00189875,0.00712568,0.0017005,3.9975,0.0910168
2947.5,20.5788,18.4026,21.1412,9.08139,0,0.0244124,19.6839,0.00081332,0.0100206,0.00372806,3.9975,0.084499
2955,20.5789,18.4487,21.1486,9.09959,0,0.0237756,19.6506,0.00120979,0.00638045,0.00293025,3.9975,0.0848346
2962.5,20.5782,18.44,21.1378,9.08896,0,0.0276644,19.8514,0.00336536,0.00413883,0.00126109,3.9975,0.0959713
2970,20.5782,18.4059,21.1132,9.03727,0,0.0275897,19.9163,0.00344669,0.00489172,0.00179657,3.9975,0.0881338
2977.5,20.5783,18.4144,21.1202,9.05815,0,0.0259948,19.7102,0.00176098,0.0061139,0.00155504,3.9975,0.0833614
2985,20.579,18.4373,21.1024,9.10887,0,0.0278477,19.923,0.00223769,0.00672381,0.00512063,3.9975,0.102724
2992.5,20.579,18.4251,21.1052,9.06291,0,0.0253921,19.6821,0.00253719,0.00799217,0.00747076,3.9975,0.110211
3000,20.5787,18.4085,21.1074,9.08705,2.69303e-05,0.0227858,19.6167,0.00203316,0.0087587,0.0016652,3.9975,0.10103
3007.5,20.5793,18.4256,21.1165,9.05092,0.000178507,0.0222861,19.4469,0.00123824,0.00928655,0.00171775,3.9975,0.0986562
3015,20.5796,18.4409,21.1212,9.08278,5.02466e-05,0.0236605,19.6204,0.000815431,0.00858673,0.00307192,3.9975,0.0878072
3022.5,20.5799,18.4498,21.1355,9.10526,0,0.0226193,19.6033,0.00186578,0.00682065,0.00248061,3.9975,0.0845168
3030,20.5794,18.4161,21.1487,9.03502,0,0.0284482,19.8973,0.00248574,0.00659758,0.000987514,3.9975,0.0871466
3037.5,20.5796,18.419,21.1311,9.0212,0,0.0291473,19.9497,0.00219079,0.00646947,0.00215584,3.9975,0.0899983
3045,20.5795,18.4241,21.1452,9.04953,0,0.0236416,19.63,0.00151285,0.00718142,0.00128925,3.9975,0.0816711
3052.5,20.58,18.4207,21.1347,9.09758,0,0.0285653,19.9215,0.00160504,0.00563348,0.0018925,3.9975,0.0744886
3060,20.5799,18.4606,21.1105,9.05242,0,0.0279124,19.8271,0.00266699,0.00569179,0.00460913,3.9975,0.0748371
3067.5,20.5798,18.3976,21.127,9.07156,0,0.0249775,19.7731,0.00247863,0.00679365,0.00109529,3.9975,0.0856765
3075,20.5799,18.4296,21.1315,9.01735,0,0.0239389,19.5473,0.0016471,0.00799736,0.00131037,3.9975,0.089958
3082.5,20.5798,18.442,21.1321,9.11588,0,0.0253173,19.8112,0.000844415,0.00916375,0.00220448,3.9975,0.0783808
3090,20.5801,18.4448,21.1359,9.08133,0,0.0224285,19.5265,0.00136455,0.00915002,0.00175949,3.9975,0.0634233
3097.5,20.5797,18.4227,21.1441,9.09351,0,0.0276959,19.8062,0.00180684,0.0066977,0.00150719,3.9975,0.0770529
3105,20.58,18.4413,21.1287,9.06612,0,0.0263538,19.8891,0.00318232,0.0057318,0.00220048,3.9975,0.0799842
3112.5,20.5799,18.3709,21.1404,9.03081,0,0.0279037,19.7543,0.00282469,0.00548815,0.00236112,3.9975,0.0778732
3120,20.5797,18.4265,21.1058,9.1189,0,0.0280745,19.958,0.00169284,0.00531713,0.00167584,3.9975,0.0848147
3127.5,20.5798,18.4461,21.1224,9.03623,0,0.025254,19.6827,0.0013796,0.00951491,0.0030973,3.9975,0.0876126
3135,20.5802,18.4197,21.1254,9.07951,0,0.025856,19.7986,0.00148774,0.00913647,0.00359124,3.9975,0.07838
3142.5,20.5806,18.4376,21.1167,9.10046,0,0.0236326,19.5901,0.00175684,0.00742892,0.00279201,3.9975,0.0765075
3150,20.5801,18.4067,21.1354,9.10427,0,0.0258177,19.745,0.00160987,0.00755832,0.00106423,3.9975,0.0833692
3157.5,20.5796,18.4236,21.133,9.11581,0,0.0264797,19.8639,0.00148065,0.00704716,0.00188333,3.9975,0.0622534
3165,20.5793,18.424,21.1455,9.04637,0,0.0231786,19.58,0.00151976,0.00774708,0.00113114,3.9975,0.0872006
3172.5,20.5799,18.4185,21.1493,9.0691,0,0.0277137,19.8933,0.001591,0.00634952,0.00265502,3.9975,0.0871481
3180,20.5798,18.4274,21.1234,9.146,0,0.0282616,19.9354,0.00306822,0.00551283,0.00527597,3.9975,0.0786721
3187.5,20.5799,18.3967,21.1294,9.03571,0,0.0265919,19.8075,0.00249859,0.00678648,0.00219118,3.9975,0.0837131
3195,20.5797,18.4156,21.1318,9.03736,0,0.0266652,19.8057,0.00119215,0.00830244,0.0021159,3.9975,0.0800124
3202.5,20.5797,18.4565,21.1357,9.02308,5.30681e-06,0.0230296,19.5286,0.0010447,0.00929096,0.00204041,3.9975,0.077379
3210,20.5802,18.4363,21.1541,9.08293,0,0.0223832,19.546,0.00136702,0.0081993,0.00113603,3.9975,0.0755439
3217.5,20.5799,18.4425,21.1397,9.13808,0,0.0261189,19.7493,0.00189385,0.00574616,0.00137132,3.9975,0.0837565
3225,20.5802,18.4393,21.1378,9.00127,0,0.0265248,19.8203,0.00267199,0.00530982,0.00419042,3.9975,0.077962
3232.5,20.5802,18.3973,21.1469,9.06128,0,0.0315573,20.0133,0.0029914,0.00578411,0.00300871,3.9975,0.0720918
3240,20.5805,18.4357,21.1115,9.02037,0,0.028096,19.8645,0.00211705,0.00687406,0.00253104,3.9975,0.0861762
3247.5,20.5806,18.4358,21.1299,9.03524,0,0.0234194,19.5882,0.000936211,0.0104167,0.00370423,3.9975,0.0731146
3255,20.5808,18.4468,21.1182,9.11281,0,0.0258466,19.8241,0.00134244,0.00829829,0.00174857,3.9975,0.0577793
3262.5,20.581,18.4405,21.1049,9.11763,0,0.0247775,19.657,0.00255718,0.00612117,0.0021718,3.9975,0.0644899
3270,20.581,18.4094,21.1272,9.07242,0,0.025448,19.7353,0.00233314,0.00585055,0.00114557,3.9975,0.0737032
3277.5,20.5809,18.4097,21.1268,9.10088,0,0.0281243,19.8984,0.00184259,0.00651781,0.00228998,3.9975,0.0568285
3285,20.5803,18.436,21.1225,9.06105,0,0.0254189,19.711,0.00161201,0.00837706,0.0018656,3.9975,0.074401
3292.5,20.5809,18.4143,21.1342,9.10313,0,0.0270774,19.9006,0.00109037,0.00922519,0.00326296,3.9975,0.0675434
3300,20.5809,18.4423,21.1295,9.0737,0,0.0225002,19.5125,0.00203792,0.00729751,0.00381249,3.9975,0.0661729
3307.5,20.5814,18.3967,21.1346,9.09319,0,0.0265558,19.8266,0.0020548,0.00659504,0.00220715,3.9975,0.0601138
3315,20.5809,18.4324,21.1185,9.08927,0,0.0271315,19.8298,0.00207988,0.00663074,0.00256035,3.9975,0.071317
3322.5,20.5807,18.4065,21.13,9.06327,0,0.0247411,19.7474,0.00163542,0.00807289,0.000762892,3.9975,0.072346
3330,20.5814,18.4311,21.139,9.07368,0,0.0248294,19.6205,0.00143697,0.00785134,0.00187752,3.9975,0.0622965
3337.5,20.5813,18.441,21.1283,9.09288,0,0.0257683,19.7959,0.00138955,0.00601166,0.00284193,3.9975,0.0645869
3345,20.5817,18.4198,21.1379,9.10888,0,0.0256193,19.771,0.00245636,0.0065292,0.00272088,3.9975,0.0632145
3352.5,20.5812,18.4177,21.1369,9.13027,0,0.0288135,19.9671,0.00253507,0.00592757,0.00199128,3.9975,0.0613728
3360,20.5818,18.4241,21.1201,9.0266,0,0.0272997,19.7959,0.00177503,0.00722804,0.0015895,3.9975,0.0653742
3367.5,20.5819,18.4429,21.1251,9.061,0,0.0234874,19.609,0.000932854,0.00911151,0.00173072,3.9975,0.0585621
3375,20.5822,18.4457,21.1194,9.09874,0,0.0254706,19.7995,0.00138581,0.00699501,0.00113055,3.9975,0.0656205
3382.5,20.5823,18.4352,21.1178,9.11288,0,0.0266575,19.7614,0.00265438,0.00600151,0.00219288,3.9975,0.0585207
3390,20.5824,18.413,21.1269,9.0842,0,0.0254275,19.8205,0.00271546,0.00593922,0.0012588,3.9975,0.0653202
3397.5,20.5827,18.4018,21.1338,9.0939,0,0.0270472,19.7747,0.00149397,0.00757002,0.002068,3.9975,0.0583712
3405,20.5825,18.4636,21.1236,9.06406,0,0.0258748,19.7338,0.00105917,0.00773029,0.0017249,3.9975,0.0674131
3412.5,20.5829,18.4268,21.1306,9.11589,0,0.0271804,19.8987,0.00126487,0.00787552,0.00232625,3.9975,0.0593033
3420,20.583,18.449,21.1366,9.05337,0,0.0228934,19.5751,0.00225127,0.00710998,0.00170428,3.9975,0.0614477
3427.5,20.5835,18.4005,21.1464,9.11101,0,0.0277682,19.924,0.00183405,0.00640847,0.00151082,3.9975,0.0556623
3435,20.5833,18.4448,21.1263,9.09347,0,0.0270686,19.7771,0.00172549,0.00649032,0.00208125,3.9975,0.0596766
3442.5,20.583,18.4218,21.145,9.07943,0,0.0256483,19.825,0.00139606,0.00774192,0.000671959,3.9975,0.0721915
3450,20.5832,18.4193,21.1427,9.1009,0,0.0276096,19.8029,0.00163595,0.00715558,0.00188864,3.9975,0.0625362
3457.5,20.583,18.4442,21.133,9.08919,0,0.0244594,19.7671,0.00147492,0.00553135,0.00206951,3.9975,0.0646242
3465,20.5833,18.4096,21.1453,9.09244,0,0.0262997,19.776,0.00219742,0.00645907,0.00238846,3.9975,0.0681745
3472.5,20.5827,18.4375,21.1213,9.14815,0,0.0295425,19.9881,0.00207031,0.00562077,0.00154884,3.9975,0.0704963
3480,20.5832,18.431,21.1232,9.04527,0,0.0271425,19.7829,0.00185139,0.00768424,0.00193763,3.9975,0.06333
3487.5,20.5833,18.4327,21.128,9.06544,0,0.0243677,19.6242,0.00123648,0.00852316,0.00282551,3.9975,0.0641433
3495,20.5833,18.4462,21.1172,9.10316,0,0.0259489,19.8564,0.00156277,0.00715658,0.00152467,3.9975,0.0658983
3502.5,20.5834,18.4239,21.1195,9.09974,0,0.0264271,19.7478,0.00213495,0.00740245,0.00247993,3.9975,0.0622222
3510,20.5834,18.4343,21.1285,9.10363,0,0.0246901,19.8007,0.00177885,0.00701488,0.00141355,3.9975,0.0581348
3517.5,20.5838,18.4155,21.139,9.09253,0,0.0257956,19.7158,0.00163824,0.00734203,0.00234802,3.9975,0.0613781
3525,20.5838,18.4528,21.1319,9.08226,0,0.0267302,19.7599,0.00118958,0.00634922,0.00207095,3.9975,0.0619559
3532.5,20.5836,18.434,21.1337,9.12758,0,0.0272221,19.9305,0.00172053,0.00680692,0.00249257,3.9975,0.0711135
3540,20.5833,18.4281,21.1398,9.05316,0,0.0246429,19.6503,0.00214555,0.00690321,0.000994194,3.9975,0.0719341
3547.5,20.5839,18.4177,21.1399,9.12389,0,0.0285614,19.9537,0.001373,0.00596879,0.00172822,3.9975,0.0638319
3555,20.5838,18.4574,21.1272,9.07844,0,0.0236751,19.6166,0.00191427,0.00671087,0.00392741,3.9975,0.0667828
3562.5,20.5836,18.408,21.1439,9.13097,0,0.0278995,19.8557,0.00163416,0.00683544,0.00111386,3.9975,0.0743684
3570,20.5832,18.4632,21.1212,9.0353,0,0.0283448,19.9,0.00207947,0.00640426,0.00221499,3.9975,0.0758378
3577.5,20.5832,18.4062,21.1334,9.05632,0,0.0248011,19.7591,0.00133546,0.00815666,0.00216117,3.9975,0.0687441
3585,20.5834,18.4624,21.1375,9.09548,0,0.0234227,19.602,0.00135154,0.00768748,0.00225405,3.9975,0.0610705
3592.5,20.5831,18.4435,21.1235,9.0966,0,0.0278202,19.8612,0.00151625,0.00631085,0.00195593,3.9975,0.0706851
3600,20.5835,18.4481,21.1177,9.03767,0,0.0268657,19.8653,0.00243124,0.00686987,0.00245101,3.9975,0.0734384
