t_start_s,t_end_s,radiator_W_per_m,glass_W_per_m,ceiling_W_per_m,innerWall_W_per_m,floor_W_per_m,outerWall_W_per_m,stored_W_per_m,unaccounted_W_per_m
0,7.5,60.0000,-45.7680,0.0818,-0.2352,0.0000,0.0000,13.9435,0.1351
7.5,15,60.0000,-43.2259,0.0090,-1.6228,0.0000,0.0000,15.1004,0.0600
15,22.5,60.0000,-43.1349,-0.0167,-2.8922,0.0000,0.0000,13.9198,0.0364
22.5,30,60.0000,-43.0528,-2.6304,-3.9296,0.0000,0.0000,10.3454,0.0418
30,37.5,60.0000,-43.1163,-4.1702,-5.0278,0.0000,0.0000,7.6639,0.0218
37.5,45,60.0000,-43.5670,-6.1374,-4.6400,0.0000,0.0000,5.6871,-0.0314
45,52.5,60.0000,-45.4951,-6.4178,-6.4088,0.0000,0.0000,1.6357,0.0427
52.5,60,60.0000,-46.1328,-4.7098,-4.4606,0.0000,0.0000,4.7039,-0.0072
60,67.5,60.0000,-45.7254,-4.1032,-1.1262,0.0000,0.0000,9.0792,-0.0340
67.5,75,60.0000,-46.0208,-2.8547,-0.3848,0.0000,0.0000,10.7835,-0.0437
75,82.5,60.0000,-46.0720,-2.5360,-0.1010,0.0000,0.0000,11.2896,0.0014
82.5,90,60.0000,-45.7500,-4.1455,-2.1393,0.0000,0.0000,7.9423,0.0229
90,97.5,60.0000,-45.3036,-4.8581,-4.6279,0.0000,0.0000,5.2381,-0.0276
97.5,105,60.0000,-44.8268,-4.2570,-3.6355,0.0000,0.0000,7.2755,0.0052
105,112.5,60.0000,-44.9887,-3.3287,-3.4278,0.0000,0.0000,8.1780,0.0768
112.5,120,60.0000,-45.3616,-5.0717,-1.3289,0.0000,0.0000,8.2083,0.0296
120,127.5,60.0000,-45.4727,-5.8299,-1.2497,0.0000,0.0000,7.4288,0.0188
127.5,135,60.0000,-46.0910,-6.5029,-1.5171,0.0000,0.0000,5.8642,0.0248
135,142.5,60.0000,-46.2562,-6.7797,-1.2484,0.0000,0.0000,5.7015,0.0142
142.5,150,60.0000,-46.0614,-6.9950,-0.9006,0.0000,0.0000,6.0175,0.0255
150,157.5,60.0000,-45.8623,-7.2249,-0.9496,0.0000,0.0000,5.9475,0.0157
157.5,165,60.0000,-45.6551,-7.6794,-1.2879,0.0000,0.0000,5.3671,0.0105
165,172.5,60.0000,-46.0818,-8.0458,-1.5207,0.0000,0.0000,4.3555,-0.0038
172.5,180,60.0000,-46.3438,-8.2156,-1.5395,0.0000,0.0000,3.9065,-0.0053
180,187.5,60.0000,-46.2869,-8.3265,-1.7640,0.0000,0.0000,3.5937,0.0288
187.5,195,60.0000,-46.5325,-8.3920,-1.9434,0.0000,0.0000,3.1236,0.0084
195,202.5,60.0000,-46.4314,-8.1033,-1.8105,0.0000,0.0000,3.6587,-0.0040
202.5,210,60.0000,-46.5049,-7.5534,-1.4530,0.0000,0.0000,4.4742,0.0144
210,217.5,60.0000,-46.5953,-7.3523,-1.5686,0.0000,0.0000,4.4612,0.0226
217.5,225,60.0000,-46.5672,-7.8067,-1.3991,0.0000,0.0000,4.2258,0.0012
225,232.5,60.0000,-46.5106,-8.0184,-1.2767,0.0000,0.0000,4.1832,0.0111
232.5,240,60.0000,-46.5126,-8.1837,-1.2283,0.0000,0.0000,4.0648,0.0106
240,247.5,60.0000,-46.8600,-7.9109,-1.2115,0.0000,0.0000,4.0095,0.0081
247.5,255,60.0000,-46.8003,-7.5207,-1.0852,0.0000,0.0000,4.5936,0.0002
255,262.5,60.0000,-46.3078,-7.5296,-1.0083,0.0000,0.0000,5.1674,-0.0130
262.5,270,60.0000,-46.3394,-7.5345,-0.9652,0.0000,0.0000,5.1634,-0.0024
270,277.5,60.0000,-46.3681,-7.3547,-0.8466,0.0000,0.0000,5.4171,0.0135
277.5,285,60.0000,-46.5703,-7.3596,-0.9077,0.0000,0.0000,5.1220,0.0404
285,292.5,60.0000,-46.7092,-7.5866,-0.8059,0.0000,0.0000,4.8967,0.0017
292.5,300,60.0000,-46.7652,-7.8355,-0.5263,0.0000,0.0000,4.8780,-0.0049
300,307.5,60.0000,-46.7334,-8.0196,-0.5093,0.0000,0.0000,4.7323,0.0054
307.5,315,60.0000,-46.7194,-7.7927,-0.8254,0.0000,0.0000,4.6529,0.0095
315,322.5,60.0000,-46.8606,-7.6006,-1.1019,0.0000,0.0000,4.4409,-0.0041
322.5,330,60.0000,-46.8380,-7.3590,-1.2691,0.0000,0.0000,4.5376,-0.0036
330,337.5,60.0000,-46.7214,-7.2267,-1.1937,0.0000,0.0000,4.8503,0.0079
337.5,345,60.0000,-46.5486,-7.3290,-0.8118,0.0000,0.0000,5.3011,0.0095
345,352.5,60.0000,-46.7500,-7.6633,-0.6292,0.0000,0.0000,4.9520,0.0055
352.5,360,60.0000,-46.9811,-7.9232,-0.6588,0.0000,0.0000,4.4432,-0.0063
360,367.5,60.0000,-46.9578,-7.7600,-0.7745,0.0000,0.0000,4.5086,-0.0008
367.5,375,60.0000,-46.9768,-7.3688,-0.8601,0.0000,0.0000,4.7833,0.0110
375,382.5,60.0000,-46.9292,-7.3230,-1.0559,0.0000,0.0000,4.6996,-0.0078
382.5,390,60.0000,-46.8600,-7.6073,-1.3944,0.0000,0.0000,4.1478,-0.0096
390,397.5,60.0000,-46.7373,-7.4904,-1.1581,0.0000,0.0000,4.6029,0.0112
397.5,405,60.0000,-46.7738,-7.4840,-0.9946,0.0000,0.0000,4.7416,0.0059
405,412.5,60.0000,-46.9696,-7.5958,-1.1486,0.0000,0.0000,4.2805,0.0055
412.5,420,60.0000,-47.0356,-7.4394,-1.2378,0.0000,0.0000,4.2849,0.0023
420,427.5,60.0000,-47.0177,-7.3349,-1.3332,0.0000,0.0000,4.3205,-0.0064
427.5,435,60.0000,-46.9566,-7.3621,-1.4431,0.0000,0.0000,4.2312,0.0071
435,442.5,60.0000,-46.9267,-7.5419,-1.5608,0.0000,0.0000,3.9691,0.0014
442.5,450,60.0000,-46.9145,-7.8047,-1.6849,0.0000,0.0000,3.6037,-0.0078
450,457.5,60.0000,-46.9723,-7.7264,-1.7063,0.0000,0.0000,3.5967,-0.0017
457.5,465,60.0000,-46.9797,-7.7322,-1.5118,0.0000,0.0000,3.7838,-0.0075
465,472.5,60.0000,-46.9627,-7.8134,-1.2927,0.0000,0.0000,3.9445,-0.0132
472.5,480,60.0000,-47.0307,-7.8738,-1.4338,0.0000,0.0000,3.6747,-0.0131
480,487.5,60.0000,-47.0259,-7.9742,-1.5261,0.0000,0.0000,3.4820,-0.0083
487.5,495,60.0000,-46.9932,-7.9276,-1.7124,0.0000,0.0000,3.3647,0.0021
495,502.5,60.0000,-46.9513,-7.8929,-1.7593,0.0000,0.0000,3.3920,0.0046
502.5,510,60.0000,-47.0024,-8.1451,-1.3586,0.0000,0.0000,3.4897,0.0042
510,517.5,60.0000,-47.0737,-8.1976,-1.4487,0.0000,0.0000,3.2867,-0.0066
517.5,525,60.0000,-47.0578,-8.2329,-1.2929,0.0000,0.0000,3.4250,-0.0085
525,532.5,60.0000,-47.0081,-8.3523,-1.2519,0.0000,0.0000,3.3893,-0.0017
532.5,540,60.0000,-47.1242,-8.4224,-1.4637,0.0000,0.0000,2.9913,-0.0016
540,547.5,60.0000,-47.2474,-8.5855,-1.3267,0.0000,0.0000,2.8282,0.0121
547.5,555,60.0000,-47.3058,-8.6066,-1.4889,0.0000,0.0000,2.5942,0.0045
555,562.5,60.0000,-47.2583,-8.6039,-1.4088,0.0000,0.0000,2.7275,0.0015
562.5,570,60.0000,-47.2237,-8.5626,-1.4239,0.0000,0.0000,2.7916,-0.0019
570,577.5,60.0000,-47.2245,-8.3444,-1.2920,0.0000,0.0000,3.1426,-0.0036
577.5,585,60.0000,-47.1844,-8.4409,-1.5040,0.0000,0.0000,2.8706,0.0001
585,592.5,60.0000,-47.2005,-8.7705,-1.1826,0.0000,0.0000,2.8539,-0.0075
592.5,600,60.0000,-47.3290,-8.8105,-1.2706,0.0000,0.0000,2.5802,0.0098
600,607.5,60.0000,-47.4006,-8.5146,-1.6172,0.0000,0.0000,2.4632,0.0044
607.5,615,60.0000,-47.4229,-8.3659,-1.3944,0.0000,0.0000,2.8102,0.0065
615,622.5,60.0000,-47.4162,-8.1421,-1.6914,0.0000,0.0000,2.7636,-0.0132
622.5,630,60.0000,-47.3114,-8.4611,-1.3333,0.0000,0.0000,2.8962,-0.0021
630,637.5,60.0000,-47.1676,-8.6015,-1.4389,0.0000,0.0000,2.7972,-0.0052
637.5,645,60.0000,-47.2058,-7.9350,-1.3681,0.0000,0.0000,3.4954,-0.0044
645,652.5,60.0000,-47.4208,-8.1759,-1.7557,0.0000,0.0000,2.6372,0.0103
652.5,660,60.0000,-47.5566,-7.9675,-1.3030,0.0000,0.0000,3.1770,-0.0041
660,667.5,60.0000,-47.5117,-8.4774,-1.7055,0.0000,0.0000,2.3025,0.0029
667.5,675,60.0000,-47.2808,-8.2635,-1.3162,0.0000,0.0000,3.1406,-0.0011
675,682.5,60.0000,-47.2462,-8.2823,-1.4675,0.0000,0.0000,3.0056,-0.0017
682.5,690,60.0000,-47.4423,-7.7035,-1.5257,0.0000,0.0000,3.3440,-0.0155
690,697.5,60.0000,-47.4123,-8.0473,-1.5300,0.0000,0.0000,3.0013,0.0091
697.5,705,60.0000,-47.4657,-8.2805,-1.2717,0.0000,0.0000,2.9826,-0.0006
705,712.5,60.0000,-47.3190,-8.6862,-1.3176,0.0000,0.0000,2.6642,0.0130
712.5,720,60.0000,-47.3034,-8.6834,-1.4510,0.0000,0.0000,2.5615,0.0007
720,727.5,60.0000,-47.5091,-7.9569,-1.3414,0.0000,0.0000,3.2180,-0.0253
727.5,735,60.0000,-47.4954,-7.9525,-1.6249,0.0000,0.0000,2.9263,0.0009
735,742.5,60.0000,-47.5643,-8.1626,-1.4270,0.0000,0.0000,2.8402,0.0059
742.5,750,60.0000,-47.3497,-8.8782,-1.3806,0.0000,0.0000,2.3891,0.0023
750,757.5,60.0000,-47.3424,-8.6785,-1.2463,0.0000,0.0000,2.7279,0.0049
757.5,765,60.0000,-47.3680,-8.6904,-1.6988,0.0000,0.0000,2.2508,-0.0079
765,772.5,60.0000,-47.4152,-8.0123,-1.3626,0.0000,0.0000,3.2176,-0.0078
772.5,780,60.0000,-47.7251,-8.7365,-1.6240,0.0000,0.0000,1.9094,0.0051
780,787.5,60.0000,-47.5234,-9.0286,-1.4390,0.0000,0.0000,2.0177,-0.0087
787.5,795,60.0000,-47.5651,-8.9255,-1.7529,0.0000,0.0000,1.7420,0.0145
795,802.5,60.0000,-47.1907,-8.8172,-1.6226,0.0000,0.0000,2.3701,-0.0007
802.5,810,60.0000,-47.4565,-8.6385,-1.5349,0.0000,0.0000,2.3768,-0.0068
810,817.5,60.0000,-47.6321,-9.1641,-1.8858,0.0000,0.0000,1.3143,0.0038
817.5,825,60.0000,-47.7785,-8.4557,-1.4486,0.0000,0.0000,2.3218,-0.0046
825,832.5,60.0000,-47.6090,-8.6869,-1.9098,0.0000,0.0000,1.7970,-0.0027
832.5,840,60.0000,-47.7806,-9.3548,-1.4646,0.0000,0.0000,1.3973,0.0027
840,847.5,60.0000,-47.3832,-9.0193,-1.5137,0.0000,0.0000,2.0888,-0.0049
847.5,855,60.0000,-47.6585,-8.8318,-2.0458,0.0000,0.0000,1.4530,0.0110
855,862.5,60.0000,-47.6668,-8.8894,-1.7083,0.0000,0.0000,1.7383,-0.0029
862.5,870,60.0000,-47.8397,-8.7414,-1.6441,0.0000,0.0000,1.7817,-0.0069
870,877.5,60.0000,-47.5285,-9.6104,-1.6831,0.0000,0.0000,1.1696,0.0085
877.5,885,60.0000,-47.4814,-9.4397,-1.6053,0.0000,0.0000,1.4860,-0.0124
885,892.5,60.0000,-47.6754,-8.4514,-1.7423,0.0000,0.0000,2.1261,0.0048
892.5,900,60.0000,-47.9138,-8.6784,-2.0365,0.0000,0.0000,1.3603,0.0110
900,907.5,60.0000,-47.9099,-9.1573,-1.6458,0.0000,0.0000,1.3056,-0.0185
907.5,915,60.0000,-47.6056,-9.2662,-1.6938,0.0000,0.0000,1.4436,-0.0092
915,922.5,60.0000,-47.2678,-8.8404,-1.8560,0.0000,0.0000,2.0397,-0.0039
922.5,930,60.0000,-47.6665,-9.2940,-1.7979,0.0000,0.0000,1.2396,0.0020
930,937.5,60.0000,-47.8425,-9.2898,-1.7885,0.0000,0.0000,1.0829,-0.0036
937.5,945,60.0000,-47.5094,-8.6659,-1.7909,0.0000,0.0000,2.0331,0.0007
945,952.5,60.0000,-47.3614,-8.8461,-2.2195,0.0000,0.0000,1.5736,-0.0006
952.5,960,60.0000,-47.8109,-8.8050,-1.6528,0.0000,0.0000,1.7243,0.0069
960,967.5,60.0000,-47.5039,-9.3292,-1.9434,0.0000,0.0000,1.2252,-0.0018
967.5,975,60.0000,-47.4948,-9.2339,-1.6192,0.0000,0.0000,1.6550,-0.0029
975,982.5,60.0000,-47.5059,-9.0754,-1.8622,0.0000,0.0000,1.5700,-0.0135
982.5,990,60.0000,-47.7501,-8.2140,-1.7142,0.0000,0.0000,2.3351,-0.0134
990,997.5,60.0000,-47.8433,-8.7664,-1.9799,0.0000,0.0000,1.4056,0.0048
997.5,1005,60.0000,-47.3321,-9.5610,-1.6665,0.0000,0.0000,1.4393,0.0011
1005,1012.5,60.0000,-47.6593,-9.5157,-1.7031,0.0000,0.0000,1.1059,0.0160
1012.5,1020,60.0000,-47.4784,-9.3205,-2.0657,0.0000,0.0000,1.1452,-0.0099
1020,1027.5,60.0000,-47.7593,-8.9128,-1.7582,0.0000,0.0000,1.6043,-0.0346
1027.5,1035,60.0000,-47.6352,-9.0702,-2.0665,0.0000,0.0000,1.2269,0.0011
1035,1042.5,60.0000,-47.3606,-9.1913,-1.7430,0.0000,0.0000,1.6947,0.0103
1042.5,1050,60.0000,-47.5681,-9.2252,-2.2135,0.0000,0.0000,0.9942,-0.0010
1050,1057.5,60.0000,-47.7721,-8.6598,-1.7596,0.0000,0.0000,1.8090,-0.0005
1057.5,1065,60.0000,-47.5555,-8.9479,-1.9885,0.0000,0.0000,1.5053,0.0028
1065,1072.5,60.0000,-47.7891,-9.1360,-1.7533,0.0000,0.0000,1.3279,-0.0063
1072.5,1080,60.0000,-47.6597,-8.9696,-1.8897,0.0000,0.0000,1.4806,0.0003
1080,1087.5,60.0000,-47.8255,-8.5421,-1.9148,0.0000,0.0000,1.7230,-0.0054
1087.5,1095,60.0000,-47.7564,-9.3734,-1.8805,0.0000,0.0000,0.9959,-0.0062
1095,1102.5,60.0000,-47.7649,-9.8540,-1.9095,0.0000,0.0000,0.4691,0.0025
1102.5,1110,60.0000,-47.7166,-9.0472,-1.8759,0.0000,0.0000,1.3513,0.0090
1110,1117.5,60.0000,-47.7893,-9.3715,-2.3207,0.0000,0.0000,0.5238,-0.0053
1117.5,1125,60.0000,-47.9974,-8.7244,-1.7727,0.0000,0.0000,1.5226,-0.0170
1125,1132.5,60.0000,-47.8296,-9.2611,-2.0164,0.0000,0.0000,0.8772,0.0157
1132.5,1140,60.0000,-47.4564,-9.6329,-1.6915,0.0000,0.0000,1.2289,-0.0096
1140,1147.5,60.0000,-47.6966,-8.9411,-1.9620,0.0000,0.0000,1.4156,-0.0153
1147.5,1155,60.0000,-47.8958,-8.4096,-2.0585,0.0000,0.0000,1.6350,0.0012
1155,1162.5,60.0000,-47.8581,-9.0332,-1.9343,0.0000,0.0000,1.1682,0.0061
1162.5,1170,60.0000,-47.9129,-9.7081,-1.9316,0.0000,0.0000,0.4541,-0.0066
1170,1177.5,60.0000,-47.8072,-9.2374,-1.8059,0.0000,0.0000,1.1369,0.0126
1177.5,1185,60.0000,-47.5369,-9.2285,-2.1906,0.0000,0.0000,1.0532,-0.0092
1185,1192.5,60.0000,-47.9309,-9.4834,-1.8137,0.0000,0.0000,0.7978,-0.0258
1192.5,1200,60.0000,-47.7754,-9.5668,-2.2639,0.0000,0.0000,0.3781,0.0157
1200,1207.5,60.0000,-47.3014,-8.9535,-2.0595,0.0000,0.0000,1.6860,-0.0004
1207.5,1215,60.0000,-47.6504,-9.4222,-2.0909,0.0000,0.0000,0.8385,-0.0020
1215,1222.5,60.0000,-47.9107,-9.2458,-2.0542,0.0000,0.0000,0.7918,-0.0026
1222.5,1230,60.0000,-47.8428,-9.2519,-2.0994,0.0000,0.0000,0.7915,0.0144
1230,1237.5,60.0000,-47.5834,-9.4288,-2.1053,0.0000,0.0000,0.8972,-0.0147
1237.5,1245,60.0000,-47.6871,-8.5450,-1.8823,0.0000,0.0000,1.8950,-0.0094
1245,1252.5,60.0000,-47.9205,-8.8722,-2.1428,0.0000,0.0000,1.0619,0.0025
1252.5,1260,60.0000,-47.8985,-10.0786,-1.7992,0.0000,0.0000,0.2374,-0.0137
1260,1267.5,60.0000,-47.8409,-9.9321,-1.9559,0.0000,0.0000,0.2717,-0.0006
1267.5,1275,60.0000,-47.8410,-9.1540,-2.2243,0.0000,0.0000,0.7745,0.0062
1275,1282.5,60.0000,-47.8161,-9.5388,-2.1216,0.0000,0.0000,0.5258,-0.0022
1282.5,1290,60.0000,-48.0540,-9.0696,-2.0684,0.0000,0.0000,0.8195,-0.0115
1290,1297.5,60.0000,-47.4885,-9.4161,-2.2986,0.0000,0.0000,0.7792,0.0177
1297.5,1305,60.0000,-47.6219,-9.5574,-2.0039,0.0000,0.0000,0.8192,-0.0023
1305,1312.5,60.0000,-47.9161,-8.9687,-1.9567,0.0000,0.0000,1.1592,-0.0006
1312.5,1320,60.0000,-47.9046,-9.0786,-2.3317,0.0000,0.0000,0.6795,0.0056
1320,1327.5,60.0000,-47.7635,-9.4657,-1.9252,0.0000,0.0000,0.8528,-0.0073
1327.5,1335,60.0000,-47.7771,-9.7633,-2.2713,0.0000,0.0000,0.1950,-0.0068
1335,1342.5,60.0000,-47.8155,-8.7744,-1.9588,0.0000,0.0000,1.4546,-0.0034
1342.5,1350,60.0000,-48.0177,-9.3238,-2.2056,0.0000,0.0000,0.4604,-0.0075
1350,1357.5,60.0000,-47.8715,-9.7031,-2.0092,0.0000,0.0000,0.4298,-0.0136
1357.5,1365,60.0000,-47.5853,-9.7416,-2.1481,0.0000,0.0000,0.5041,0.0209
1365,1372.5,60.0000,-47.4518,-9.6236,-2.3204,0.0000,0.0000,0.6118,-0.0076
1372.5,1380,60.0000,-47.8225,-9.2751,-1.9356,0.0000,0.0000,0.9855,-0.0187
1380,1387.5,60.0000,-47.9387,-9.3403,-2.3192,0.0000,0.0000,0.3921,0.0097
1387.5,1395,60.0000,-47.7790,-9.6943,-2.0047,0.0000,0.0000,0.5148,0.0072
1395,1402.5,60.0000,-47.6012,-9.8248,-2.2955,0.0000,0.0000,0.2891,-0.0105
1402.5,1410,60.0000,-47.8162,-8.6713,-2.1256,0.0000,0.0000,1.3979,-0.0111
1410,1417.5,60.0000,-47.9314,-9.2504,-2.3012,0.0000,0.0000,0.5198,-0.0028
1417.5,1425,60.0000,-47.8483,-9.8582,-1.9947,0.0000,0.0000,0.3121,-0.0133
1425,1432.5,60.0000,-48.0022,-9.1219,-2.1086,0.0000,0.0000,0.7545,0.0127
1432.5,1440,60.0000,-47.6935,-9.0262,-2.3664,0.0000,0.0000,0.9165,-0.0027
1440,1447.5,60.0000,-47.8157,-9.6483,-1.9400,0.0000,0.0000,0.6031,-0.0072
1447.5,1455,60.0000,-48.1296,-9.8297,-2.4014,0.0000,0.0000,-0.3641,0.0033
1455,1462.5,60.0000,-47.6827,-9.2472,-2.1252,0.0000,0.0000,0.9465,-0.0017
1462.5,1470,60.0000,-47.6452,-9.4526,-2.3036,0.0000,0.0000,0.6108,-0.0122
1470,1477.5,60.0000,-47.8772,-8.9045,-2.0472,0.0000,0.0000,1.1849,-0.0138
1477.5,1485,60.0000,-48.0015,-9.5381,-2.2963,0.0000,0.0000,0.1514,0.0127
1485,1492.5,60.0000,-47.8022,-9.9928,-1.8766,0.0000,0.0000,0.3384,-0.0100
1492.5,1500,60.0000,-47.7444,-8.8952,-2.1047,0.0000,0.0000,1.2629,-0.0073
1500,1507.5,60.0000,-47.9680,-8.5273,-2.2893,0.0000,0.0000,1.2146,0.0009
1507.5,1515,60.0000,-47.8568,-9.4852,-1.9238,0.0000,0.0000,0.7341,0.0001
1515,1522.5,60.0000,-48.0970,-10.1983,-2.0526,0.0000,0.0000,-0.3394,-0.0084
1522.5,1530,60.0000,-47.7036,-10.1517,-2.0183,0.0000,0.0000,0.1174,0.0089
1530,1537.5,60.0000,-47.7163,-10.1141,-2.1337,0.0000,0.0000,0.0390,-0.0031
1537.5,1545,60.0000,-48.0871,-9.4628,-2.1232,0.0000,0.0000,0.3564,-0.0295
1545,1552.5,60.0000,-47.7151,-9.7649,-2.5395,0.0000,0.0000,-0.0320,0.0125
1552.5,1560,60.0000,-47.4142,-9.6811,-2.2371,0.0000,0.0000,0.6748,-0.0073
1560,1567.5,60.0000,-47.8534,-9.1968,-2.3897,0.0000,0.0000,0.5558,0.0043
1567.5,1575,60.0000,-47.7273,-8.9999,-2.3107,0.0000,0.0000,0.9669,-0.0047
1575,1582.5,60.0000,-47.6622,-9.7187,-2.1353,0.0000,0.0000,0.4818,0.0021
1582.5,1590,60.0000,-47.9299,-10.1992,-2.1833,0.0000,0.0000,-0.2994,-0.0130
1590,1597.5,60.0000,-47.6754,-9.2934,-2.0805,0.0000,0.0000,0.9549,-0.0041
1597.5,1605,60.0000,-47.8392,-9.6606,-2.4546,0.0000,0.0000,0.0430,0.0026
1605,1612.5,60.0000,-48.1610,-9.5930,-1.9754,0.0000,0.0000,0.2867,-0.0161
1612.5,1620,60.0000,-47.7163,-9.8330,-2.4052,0.0000,0.0000,0.0293,0.0161
1620,1627.5,60.0000,-47.6055,-9.5495,-2.2875,0.0000,0.0000,0.5521,0.0054
1627.5,1635,60.0000,-47.9613,-9.4221,-2.2522,0.0000,0.0000,0.3624,0.0019
1635,1642.5,60.0000,-48.0505,-9.2808,-2.2405,0.0000,0.0000,0.4404,-0.0122
1642.5,1650,60.0000,-47.5977,-9.8956,-2.0180,0.0000,0.0000,0.4871,0.0016
1650,1657.5,60.0000,-47.8540,-9.8638,-2.2237,0.0000,0.0000,0.0810,-0.0225
1657.5,1665,60.0000,-47.6944,-8.8281,-2.1236,0.0000,0.0000,1.3753,-0.0214
1665,1672.5,60.0000,-47.9642,-9.1511,-2.4105,0.0000,0.0000,0.4618,0.0124
1672.5,1680,60.0000,-48.0397,-9.3025,-2.0366,0.0000,0.0000,0.6178,0.0034
1680,1687.5,60.0000,-47.9466,-9.8841,-2.1308,0.0000,0.0000,0.0197,0.0189
1687.5,1695,60.0000,-47.4555,-9.2847,-2.2188,0.0000,0.0000,1.0472,-0.0063
1695,1702.5,60.0000,-47.8442,-9.3006,-2.3141,0.0000,0.0000,0.5604,-0.0193
1702.5,1710,60.0000,-47.9192,-9.4821,-2.2427,0.0000,0.0000,0.3687,-0.0128
1710,1717.5,60.0000,-47.9768,-9.4756,-2.0970,0.0000,0.0000,0.4388,0.0119
1717.5,1725,60.0000,-47.7254,-9.6044,-2.5378,0.0000,0.0000,0.1244,0.0081
1725,1732.5,60.0000,-47.7292,-9.4039,-2.0141,0.0000,0.0000,0.8632,-0.0103
1732.5,1740,60.0000,-47.9281,-9.5579,-2.4845,0.0000,0.0000,0.0213,0.0082
1740,1747.5,60.0000,-47.9771,-9.0669,-2.2442,0.0000,0.0000,0.7195,-0.0077
1747.5,1755,60.0000,-47.8324,-9.3343,-2.2676,0.0000,0.0000,0.5744,-0.0089
1755,1762.5,60.0000,-47.9288,-9.0109,-2.1516,0.0000,0.0000,0.9159,-0.0072
1762.5,1770,60.0000,-47.9090,-9.9369,-2.3620,0.0000,0.0000,-0.2160,0.0082
1770,1777.5,60.0000,-48.0288,-10.1190,-1.8454,0.0000,0.0000,0.0113,-0.0045
1777.5,1785,60.0000,-47.7793,-9.1379,-2.3618,0.0000,0.0000,0.7265,-0.0055
1785,1792.5,60.0000,-48.0147,-9.5416,-2.5841,0.0000,0.0000,-0.1484,0.0079
1792.5,1800,60.0000,-48.2031,-9.3189,-2.0387,0.0000,0.0000,0.4498,-0.0104
1800,1807.5,60.0000,-48.0467,-9.7121,-2.5421,0.0000,0.0000,-0.2994,-0.0015
1807.5,1815,60.0000,-47.4274,-9.8984,-2.0546,0.0000,0.0000,0.6211,-0.0015
1815,1822.5,60.0000,-47.9475,-9.7566,-2.0850,0.0000,0.0000,0.2140,-0.0031
1822.5,1830,60.0000,-47.8394,-9.1768,-2.4856,0.0000,0.0000,0.5061,-0.0079
1830,1837.5,60.0000,-48.1006,-9.4387,-2.3697,0.0000,0.0000,0.0820,0.0090
1837.5,1845,60.0000,-47.7718,-9.9218,-2.2735,0.0000,0.0000,0.0480,-0.0152
1845,1852.5,60.0000,-47.6011,-9.6266,-2.0819,0.0000,0.0000,0.6815,0.0089
1852.5,1860,60.0000,-47.9852,-9.5367,-2.4994,0.0000,0.0000,-0.0170,-0.0043
1860,1867.5,60.0000,-47.8814,-9.3954,-2.0535,0.0000,0.0000,0.6998,-0.0301
1867.5,1875,60.0000,-47.9755,-9.5424,-2.5052,0.0000,0.0000,-0.0423,0.0192
1875,1882.5,60.0000,-47.9214,-9.2556,-2.2041,0.0000,0.0000,0.6208,-0.0018
1882.5,1890,60.0000,-47.6533,-9.6524,-2.1920,0.0000,0.0000,0.5018,0.0006
1890,1897.5,60.0000,-48.0748,-9.6450,-2.3260,0.0000,0.0000,-0.0413,-0.0045
1897.5,1905,60.0000,-47.9649,-9.1955,-2.1999,0.0000,0.0000,0.6495,-0.0098
1905,1912.5,60.0000,-48.0091,-9.2674,-2.3508,0.0000,0.0000,0.3774,-0.0047
1912.5,1920,60.0000,-47.9382,-9.0103,-2.1119,0.0000,0.0000,0.9412,-0.0016
1920,1927.5,60.0000,-47.9859,-9.5351,-2.3354,0.0000,0.0000,0.1360,0.0075
1927.5,1935,60.0000,-47.9662,-10.1912,-2.0172,0.0000,0.0000,-0.1674,-0.0072
1935,1942.5,60.0000,-47.8348,-9.5404,-2.1900,0.0000,0.0000,0.4478,-0.0129
1942.5,1950,60.0000,-47.9209,-8.6227,-2.4186,0.0000,0.0000,1.0399,-0.0021
1950,1957.5,60.0000,-48.0821,-9.4022,-2.2008,0.0000,0.0000,0.3074,0.0075
1957.5,1965,60.0000,-48.1335,-9.8308,-2.1590,0.0000,0.0000,-0.1110,-0.0122
1965,1972.5,60.0000,-47.9483,-9.9217,-2.2022,0.0000,0.0000,-0.0867,0.0144
1972.5,1980,60.0000,-47.5229,-9.8356,-2.4223,0.0000,0.0000,0.2310,-0.0119
1980,1987.5,60.0000,-47.9428,-9.2421,-2.0237,0.0000,0.0000,0.8115,-0.0200
1987.5,1995,60.0000,-47.9971,-9.3740,-2.4003,0.0000,0.0000,0.2164,0.0122
1995,2002.5,60.0000,-48.0126,-9.8291,-2.0852,0.0000,0.0000,0.0700,0.0031
2002.5,2010,60.0000,-47.7253,-9.9789,-2.3442,0.0000,0.0000,-0.0447,-0.0037
2010,2017.5,60.0000,-47.9569,-8.9548,-2.3276,0.0000,0.0000,0.7668,-0.0060
2017.5,2025,60.0000,-47.9267,-9.4083,-2.3775,0.0000,0.0000,0.3017,-0.0142
2025,2032.5,60.0000,-47.8883,-10.0692,-2.1994,0.0000,0.0000,-0.1474,-0.0096
2032.5,2040,60.0000,-48.0671,-9.4534,-2.1898,0.0000,0.0000,0.2807,0.0090
2040,2047.5,60.0000,-48.0814,-9.6019,-2.5442,0.0000,0.0000,-0.2197,-0.0078
2047.5,2055,60.0000,-47.8575,-9.9732,-2.0772,0.0000,0.0000,0.1120,-0.0198
2055,2062.5,60.0000,-48.1348,-9.9166,-2.6336,0.0000,0.0000,-0.7031,0.0182
2062.5,2070,60.0000,-47.6686,-9.3941,-2.3120,0.0000,0.0000,0.6318,-0.0065
2070,2077.5,60.0000,-47.8132,-9.6261,-2.3862,0.0000,0.0000,0.1837,-0.0092
2077.5,2085,60.0000,-48.0097,-9.2223,-2.2760,0.0000,0.0000,0.4978,-0.0058
2085,2092.5,60.0000,-48.0773,-9.9959,-2.2982,0.0000,0.0000,-0.3807,0.0093
2092.5,2100,60.0000,-47.8122,-10.0943,-2.0012,0.0000,0.0000,0.1134,-0.0210
2100,2107.5,60.0000,-47.7547,-8.8516,-2.3248,0.0000,0.0000,1.0735,-0.0047
2107.5,2115,60.0000,-48.0851,-8.9106,-2.3805,0.0000,0.0000,0.6125,0.0113
2115,2122.5,60.0000,-48.0525,-9.6448,-1.9383,0.0000,0.0000,0.3654,-0.0010
2122.5,2130,60.0000,-48.2424,-10.2761,-2.4392,0.0000,0.0000,-0.9539,-0.0039
2130,2137.5,60.0000,-47.6111,-9.9456,-2.1227,0.0000,0.0000,0.3154,0.0052
2137.5,2145,60.0000,-47.9190,-10.0049,-2.2543,0.0000,0.0000,-0.1610,-0.0172
2145,2152.5,60.0000,-48.0692,-9.2662,-2.3631,0.0000,0.0000,0.3257,-0.0242
2152.5,2160,60.0000,-47.7693,-9.9898,-2.3973,0.0000,0.0000,-0.1747,0.0184
2160,2167.5,60.0000,-47.5855,-10.2060,-2.2410,0.0000,0.0000,-0.0290,-0.0035
2167.5,2175,60.0000,-47.9136,-9.5087,-2.3679,0.0000,0.0000,0.2010,0.0088
2175,2182.5,60.0000,-48.0237,-9.2988,-2.5329,0.0000,0.0000,0.1544,-0.0098
2182.5,2190,60.0000,-47.7437,-9.5793,-2.1468,0.0000,0.0000,0.5438,-0.0135
2190,2197.5,60.0000,-48.0166,-10.1872,-2.5375,0.0000,0.0000,-0.7475,0.0061
2197.5,2205,60.0000,-47.8753,-9.2743,-2.1590,0.0000,0.0000,0.6998,-0.0084
2205,2212.5,60.0000,-47.9793,-9.6894,-2.4747,0.0000,0.0000,-0.1357,-0.0078
2212.5,2220,60.0000,-48.0036,-9.8684,-2.1899,0.0000,0.0000,-0.0510,-0.0109
2220,2227.5,60.0000,-47.8928,-9.9478,-2.3823,0.0000,0.0000,-0.2430,0.0201
2227.5,2235,60.0000,-47.5382,-9.9038,-2.6284,0.0000,0.0000,-0.0670,-0.0034
2235,2242.5,60.0000,-48.0137,-9.3434,-2.2109,0.0000,0.0000,0.4398,-0.0077
2242.5,2250,60.0000,-48.0422,-9.4394,-2.4299,0.0000,0.0000,0.0947,-0.0062
2250,2257.5,60.0000,-47.8955,-10.1960,-2.0959,0.0000,0.0000,-0.1814,-0.0060
2257.5,2265,60.0000,-47.9359,-9.8546,-2.4228,0.0000,0.0000,-0.1964,-0.0170
2265,2272.5,60.0000,-47.7230,-8.7298,-2.4635,0.0000,0.0000,1.0932,-0.0095
2272.5,2280,60.0000,-48.0497,-9.2585,-2.4102,0.0000,0.0000,0.2777,0.0039
2280,2287.5,60.0000,-48.0834,-9.6298,-2.1078,0.0000,0.0000,0.1874,-0.0084
2287.5,2295,60.0000,-48.0045,-9.7950,-2.2630,0.0000,0.0000,-0.0820,0.0194
2295,2302.5,60.0000,-47.6950,-9.5658,-2.4321,0.0000,0.0000,0.3147,-0.0077
2302.5,2310,60.0000,-47.8994,-9.3564,-2.1242,0.0000,0.0000,0.6491,-0.0291
2310,2317.5,60.0000,-48.0091,-9.4976,-2.4539,0.0000,0.0000,0.0300,0.0093
2317.5,2325,60.0000,-47.9759,-9.7909,-2.1846,0.0000,0.0000,0.0383,0.0103
2325,2332.5,60.0000,-47.7351,-9.9938,-2.3629,0.0000,0.0000,-0.0870,-0.0049
2332.5,2340,60.0000,-47.9040,-9.1281,-2.3113,0.0000,0.0000,0.6721,-0.0156
2340,2347.5,60.0000,-48.0079,-9.3972,-2.4856,0.0000,0.0000,0.1120,-0.0027
2347.5,2355,60.0000,-48.0499,-9.7539,-2.2074,0.0000,0.0000,-0.0047,-0.0066
2355,2362.5,60.0000,-48.0662,-9.2817,-2.2261,0.0000,0.0000,0.4154,0.0107
2362.5,2370,60.0000,-47.9024,-9.0216,-2.4734,0.0000,0.0000,0.6088,-0.0063
2370,2377.5,60.0000,-47.8215,-10.0330,-2.1217,0.0000,0.0000,0.0323,-0.0084
2377.5,2385,60.0000,-48.1316,-10.0876,-2.3603,0.0000,0.0000,-0.5794,-0.0001
2385,2392.5,60.0000,-48.0341,-9.1915,-2.4230,0.0000,0.0000,0.3524,-0.0009
2392.5,2400,60.0000,-47.7033,-9.6617,-2.4824,0.0000,0.0000,0.1557,-0.0031
2400,2407.5,60.0000,-48.0384,-9.2408,-2.2018,0.0000,0.0000,0.5304,-0.0115
2407.5,2415,60.0000,-47.9826,-9.9338,-2.5279,0.0000,0.0000,-0.4604,0.0161
2415,2422.5,60.0000,-47.7115,-10.1784,-2.1137,0.0000,0.0000,0.0073,-0.0110
2422.5,2430,60.0000,-47.9005,-9.1368,-2.2781,0.0000,0.0000,0.6908,-0.0061
2430,2437.5,60.0000,-48.0787,-8.8282,-2.4140,0.0000,0.0000,0.6698,0.0093
2437.5,2445,60.0000,-48.1072,-9.7232,-2.0885,0.0000,0.0000,0.0797,0.0013
2445,2452.5,60.0000,-48.1259,-10.2169,-2.2130,0.0000,0.0000,-0.5391,-0.0166
2452.5,2460,60.0000,-47.7722,-9.8395,-2.1953,0.0000,0.0000,0.1967,-0.0038
2460,2467.5,60.0000,-47.6356,-10.0491,-2.3708,0.0000,0.0000,-0.0563,0.0008
2467.5,2475,60.0000,-48.1761,-9.6365,-2.2543,0.0000,0.0000,-0.0503,-0.0166
2475,2482.5,60.0000,-47.8240,-10.1863,-2.5958,0.0000,0.0000,-0.6168,0.0106
2482.5,2490,60.0000,-47.5811,-10.1076,-2.3151,0.0000,0.0000,-0.0003,-0.0035
2490,2497.5,60.0000,-47.8862,-9.5505,-2.4324,0.0000,0.0000,0.1204,0.0105
2497.5,2505,60.0000,-47.7585,-9.3906,-2.5985,0.0000,0.0000,0.2554,-0.0030
2505,2512.5,60.0000,-47.8261,-9.6030,-2.2665,0.0000,0.0000,0.3054,-0.0010
2512.5,2520,60.0000,-47.9987,-10.2122,-2.4339,0.0000,0.0000,-0.6288,-0.0160
2520,2527.5,60.0000,-47.6301,-9.5750,-2.0960,0.0000,0.0000,0.7098,-0.0109
2527.5,2535,60.0000,-47.9319,-9.8852,-2.4981,0.0000,0.0000,-0.3214,0.0061
2535,2542.5,60.0000,-48.0627,-9.7147,-2.2516,0.0000,0.0000,-0.0193,-0.0097
2542.5,2550,60.0000,-48.0673,-9.8961,-2.4223,0.0000,0.0000,-0.4047,0.0191
2550,2557.5,60.0000,-47.6963,-9.8991,-2.5594,0.0000,0.0000,-0.1514,-0.0034
2557.5,2565,60.0000,-48.0040,-9.4402,-2.3131,0.0000,0.0000,0.2430,-0.0003
2565,2572.5,60.0000,-48.0646,-9.3502,-2.4748,0.0000,0.0000,0.1180,-0.0076
2572.5,2580,60.0000,-47.8021,-9.5603,-2.1295,0.0000,0.0000,0.5081,-0.0000
2580,2587.5,60.0000,-47.8926,-9.9058,-2.4127,0.0000,0.0000,-0.1950,-0.0160
2587.5,2595,60.0000,-47.7090,-9.1989,-2.1744,0.0000,0.0000,0.9372,-0.0195
2595,2602.5,60.0000,-48.0970,-9.6655,-2.5102,0.0000,0.0000,-0.2884,0.0157
2602.5,2610,60.0000,-47.9942,-9.3907,-2.2164,0.0000,0.0000,0.4011,-0.0023
2610,2617.5,60.0000,-48.1354,-9.5023,-2.2916,0.0000,0.0000,0.0533,0.0173
2617.5,2625,60.0000,-48.0091,-9.6271,-2.4299,0.0000,0.0000,-0.0577,-0.0085
2625,2632.5,60.0000,-47.7902,-9.3937,-2.2239,0.0000,0.0000,0.5945,-0.0022
2632.5,2640,60.0000,-48.0376,-9.4317,-2.5985,0.0000,0.0000,-0.0640,-0.0038
2640,2647.5,60.0000,-47.8258,-9.2125,-2.2026,0.0000,0.0000,0.7762,-0.0170
2647.5,2655,60.0000,-47.9804,-9.6151,-2.4165,0.0000,0.0000,-0.0237,0.0116
2655,2662.5,60.0000,-47.9872,-9.2028,-2.1634,0.0000,0.0000,0.6581,-0.0115
2662.5,2670,60.0000,-47.9545,-9.5499,-2.4461,0.0000,0.0000,0.0447,0.0049
2670,2677.5,60.0000,-48.1030,-9.5142,-2.2911,0.0000,0.0000,0.1020,-0.0104
2677.5,2685,60.0000,-47.9421,-9.2704,-2.3751,0.0000,0.0000,0.4131,-0.0007
2685,2692.5,60.0000,-48.1139,-9.0236,-2.2075,0.0000,0.0000,0.6561,-0.0011
2692.5,2700,60.0000,-47.9332,-9.5940,-2.1012,0.0000,0.0000,0.3771,-0.0055
2700,2707.5,60.0000,-48.0068,-10.0823,-2.3841,0.0000,0.0000,-0.4761,0.0028
2707.5,2715,60.0000,-47.9636,-9.4598,-2.1565,0.0000,0.0000,0.4164,0.0037
2715,2722.5,60.0000,-48.0498,-9.6689,-2.4574,0.0000,0.0000,-0.1587,-0.0174
2722.5,2730,60.0000,-47.9477,-9.5553,-2.2827,0.0000,0.0000,0.2350,-0.0208
2730,2737.5,60.0000,-48.1234,-9.5413,-2.4758,0.0000,0.0000,-0.1580,0.0176
2737.5,2745,60.0000,-48.0255,-9.7191,-2.3755,0.0000,0.0000,-0.1160,-0.0041
2745,2752.5,60.0000,-47.6966,-9.5549,-2.2775,0.0000,0.0000,0.4628,0.0083
2752.5,2760,60.0000,-48.1506,-9.3414,-2.6333,0.0000,0.0000,-0.1214,-0.0039
2760,2767.5,60.0000,-47.9347,-9.7603,-2.1972,0.0000,0.0000,0.1317,-0.0239
2767.5,2775,60.0000,-48.0026,-9.9972,-2.5002,0.0000,0.0000,-0.5024,0.0024
2775,2782.5,60.0000,-48.0588,-9.0498,-2.2624,0.0000,0.0000,0.6228,0.0062
2782.5,2790,60.0000,-47.9767,-9.7349,-2.5143,0.0000,0.0000,-0.2250,-0.0009
2790,2797.5,60.0000,-47.9665,-9.8124,-2.2282,0.0000,0.0000,-0.0037,-0.0035
2797.5,2805,60.0000,-48.2083,-9.7844,-2.5586,0.0000,0.0000,-0.5654,0.0142
2805,2812.5,60.0000,-47.8582,-9.6499,-2.4296,0.0000,0.0000,0.0800,-0.0177
2812.5,2820,60.0000,-47.9563,-9.5630,-2.2120,0.0000,0.0000,0.2924,-0.0237
2820,2827.5,60.0000,-47.9868,-9.3898,-2.5645,0.0000,0.0000,0.0520,0.0069
2827.5,2835,60.0000,-48.0644,-10.1415,-2.1944,0.0000,0.0000,-0.4064,0.0062
2835,2842.5,60.0000,-47.5822,-10.1197,-2.3139,0.0000,0.0000,0.0020,-0.0178
2842.5,2850,60.0000,-48.0004,-8.9933,-2.4493,0.0000,0.0000,0.5511,0.0058
2850,2857.5,60.0000,-48.0531,-9.6075,-2.4185,0.0000,0.0000,-0.0710,-0.0082
2857.5,2865,60.0000,-47.8750,-9.7781,-2.1642,0.0000,0.0000,0.2037,-0.0209
2865,2872.5,60.0000,-48.0700,-10.0905,-2.5671,0.0000,0.0000,-0.7475,0.0199
2872.5,2880,60.0000,-47.6836,-9.9269,-2.2254,0.0000,0.0000,0.1697,-0.0056
2880,2887.5,60.0000,-47.9908,-9.6976,-2.1192,0.0000,0.0000,0.2117,-0.0193
2887.5,2895,60.0000,-47.9603,-9.6415,-2.7462,0.0000,0.0000,-0.3634,0.0154
2895,2902.5,60.0000,-47.9576,-9.9808,-2.3250,0.0000,0.0000,-0.2674,0.0040
2902.5,2910,60.0000,-47.6760,-10.1074,-2.6197,0.0000,0.0000,-0.3911,-0.0121
2910,2917.5,60.0000,-48.0036,-8.9828,-2.3101,0.0000,0.0000,0.7105,-0.0069
2917.5,2925,60.0000,-48.0107,-9.3690,-2.5237,0.0000,0.0000,0.1174,-0.0207
2925,2932.5,60.0000,-47.8615,-10.1382,-2.1769,0.0000,0.0000,-0.1627,-0.0139
2932.5,2940,60.0000,-48.0410,-9.3490,-2.3417,0.0000,0.0000,0.2587,0.0096
2940,2947.5,60.0000,-47.9660,-9.4352,-2.6244,0.0000,0.0000,-0.0197,-0.0059
2947.5,2955,60.0000,-47.9624,-9.8504,-2.0712,0.0000,0.0000,0.1237,-0.0077
2955,2962.5,60.0000,-48.1556,-9.9145,-2.6478,0.0000,0.0000,-0.7238,0.0059
2962.5,2970,60.0000,-47.8845,-9.8389,-2.2747,0.0000,0.0000,0.0020,-0.0001
2970,2977.5,60.0000,-47.7078,-9.7184,-2.4930,0.0000,0.0000,0.0897,-0.0089
2977.5,2985,60.0000,-48.0400,-8.8710,-2.3559,0.0000,0.0000,0.7351,-0.0021
2985,2992.5,60.0000,-47.9714,-9.6889,-2.3319,0.0000,0.0000,0.0033,0.0045
2992.5,3000,60.0000,-47.9350,-10.2764,-2.0852,0.0000,0.0000,-0.2741,-0.0225
3000,3007.5,60.0000,-47.8365,-9.2471,-2.3584,0.0000,0.0000,0.5771,-0.0191
3007.5,3015,60.0000,-47.8845,-9.1471,-2.5649,0.0000,0.0000,0.3991,0.0045
3015,3022.5,60.0000,-48.0823,-9.5000,-2.1007,0.0000,0.0000,0.3161,0.0010
3022.5,3030,60.0000,-48.0966,-9.9732,-2.4577,0.0000,0.0000,-0.5344,0.0069
3030,3037.5,60.0000,-47.7065,-9.9500,-2.1719,0.0000,0.0000,0.1570,0.0146
3037.5,3045,60.0000,-47.8440,-9.8428,-2.3977,0.0000,0.0000,-0.0643,-0.0201
3045,3052.5,60.0000,-47.9703,-9.1715,-2.3591,0.0000,0.0000,0.5151,-0.0161
3052.5,3060,60.0000,-48.0104,-9.6233,-2.3993,0.0000,0.0000,-0.0500,0.0171
3060,3067.5,60.0000,-47.9075,-10.0586,-2.1593,0.0000,0.0000,-0.1164,-0.0090
3067.5,3075,60.0000,-47.6722,-10.0053,-2.2927,0.0000,0.0000,0.0407,-0.0108
3075,3082.5,60.0000,-47.9489,-9.7509,-2.3879,0.0000,0.0000,-0.0860,-0.0016
3082.5,3090,60.0000,-47.9985,-9.4872,-2.2219,0.0000,0.0000,0.3087,-0.0163
3090,3097.5,60.0000,-47.9817,-9.7454,-2.6989,0.0000,0.0000,-0.4381,0.0121
3097.5,3105,60.0000,-48.0992,-9.3152,-2.2702,0.0000,0.0000,0.3161,-0.0006
3105,3112.5,60.0000,-47.6685,-9.8144,-2.5887,0.0000,0.0000,-0.0667,-0.0048
3112.5,3120,60.0000,-48.0871,-9.9717,-2.1802,0.0000,0.0000,-0.2417,0.0027
3120,3127.5,60.0000,-47.9623,-9.4285,-2.4922,0.0000,0.0000,0.1330,-0.0160
3127.5,3135,60.0000,-47.8080,-9.3117,-2.4419,0.0000,0.0000,0.4398,-0.0013
3135,3142.5,60.0000,-47.8686,-9.5835,-2.1317,0.0000,0.0000,0.4137,0.0025
3142.5,3150,60.0000,-48.0695,-9.9207,-2.5764,0.0000,0.0000,-0.5634,-0.0032
3150,3157.5,60.0000,-48.1265,-10.1922,-2.2289,0.0000,0.0000,-0.5474,-0.0002
3157.5,3165,60.0000,-48.0149,-10.0486,-2.3001,0.0000,0.0000,-0.3511,-0.0125
3165,3172.5,60.0000,-47.9435,-8.9993,-2.3839,0.0000,0.0000,0.6825,-0.0092
3172.5,3180,60.0000,-48.1675,-9.5877,-2.3791,0.0000,0.0000,-0.1534,0.0191
3180,3187.5,60.0000,-48.0651,-9.5728,-2.1900,0.0000,0.0000,0.1844,-0.0122
3187.5,3195,60.0000,-47.7025,-10.0445,-2.5053,0.0000,0.0000,-0.2524,0.0000
3195,3202.5,60.0000,-47.7450,-10.0259,-2.1657,0.0000,0.0000,0.0760,-0.0126
3202.5,3210,60.0000,-47.9143,-9.4608,-2.1865,0.0000,0.0000,0.4578,-0.0193
3210,3217.5,60.0000,-48.0631,-9.4604,-2.8041,0.0000,0.0000,-0.3297,0.0021
3217.5,3225,60.0000,-48.0014,-9.2510,-2.3832,0.0000,0.0000,0.3654,-0.0010
3225,3232.5,60.0000,-47.7646,-9.7681,-2.4176,0.0000,0.0000,0.0417,0.0081
3232.5,3240,60.0000,-47.8051,-9.6871,-2.2177,0.0000,0.0000,0.2894,0.0007
3240,3247.5,60.0000,-47.7260,-9.7112,-2.4969,0.0000,0.0000,0.0763,-0.0105
3247.5,3255,60.0000,-47.9919,-9.4440,-2.2816,0.0000,0.0000,0.3051,-0.0226
3255,3262.5,60.0000,-48.0012,-9.5171,-2.3396,0.0000,0.0000,0.1457,-0.0036
3262.5,3270,60.0000,-48.0755,-9.5537,-2.3868,0.0000,0.0000,-0.0207,0.0046
3270,3277.5,60.0000,-48.0408,-9.8225,-2.2189,0.0000,0.0000,-0.0907,0.0085
3277.5,3285,60.0000,-47.9742,-10.0543,-2.6139,0.0000,0.0000,-0.6488,0.0064
3285,3292.5,60.0000,-47.9839,-9.1105,-2.3068,0.0000,0.0000,0.6101,-0.0112
3292.5,3300,60.0000,-48.0288,-9.3997,-2.5180,0.0000,0.0000,0.0633,-0.0098
3300,3307.5,60.0000,-48.0542,-9.2282,-2.2496,0.0000,0.0000,0.4798,-0.0118
3307.5,3315,60.0000,-48.1306,-9.9587,-2.3454,0.0000,0.0000,-0.4504,0.0158
3315,3322.5,60.0000,-47.9131,-10.1889,-2.1395,0.0000,0.0000,-0.2270,-0.0145
3322.5,3330,60.0000,-47.7015,-9.3649,-2.2449,0.0000,0.0000,0.7005,-0.0118
3330,3337.5,60.0000,-48.1220,-9.3437,-2.5543,0.0000,0.0000,-0.0253,0.0052
3337.5,3345,60.0000,-48.1101,-9.2937,-2.2282,0.0000,0.0000,0.3767,-0.0087
3345,3352.5,60.0000,-48.3131,-9.8515,-2.3329,0.0000,0.0000,-0.4984,0.0010
3352.5,3360,60.0000,-47.7716,-9.4784,-2.0959,0.0000,0.0000,0.6518,0.0022
3360,3367.5,60.0000,-47.7570,-9.6092,-2.5355,0.0000,0.0000,0.0974,0.0009
3367.5,3375,60.0000,-48.0607,-9.4574,-2.1799,0.0000,0.0000,0.3211,-0.0191
3375,3382.5,60.0000,-48.0260,-9.4419,-2.3966,0.0000,0.0000,0.1310,0.0045
3382.5,3390,60.0000,-48.1619,-9.4459,-2.3052,0.0000,0.0000,0.0867,0.0004
3390,3397.5,60.0000,-47.8782,-9.5890,-2.2114,0.0000,0.0000,0.3184,0.0030
3397.5,3405,60.0000,-47.9767,-9.6970,-2.5167,0.0000,0.0000,-0.1990,0.0086
3405,3412.5,60.0000,-48.0850,-9.2347,-2.2594,0.0000,0.0000,0.4278,-0.0069
3412.5,3420,60.0000,-48.0644,-9.4586,-2.4510,0.0000,0.0000,0.0337,-0.0076
3420,3427.5,60.0000,-48.0259,-9.1900,-2.1701,0.0000,0.0000,0.6265,-0.0125
3427.5,3435,60.0000,-47.9953,-9.8173,-2.3994,0.0000,0.0000,-0.2340,0.0220
3435,3442.5,60.0000,-48.0723,-10.0793,-2.2317,0.0000,0.0000,-0.3724,-0.0108
3442.5,3450,60.0000,-47.9016,-9.5853,-2.2919,0.0000,0.0000,0.2260,-0.0048
3450,3457.5,60.0000,-48.1805,-9.4103,-2.5672,0.0000,0.0000,-0.1550,-0.0031
3457.5,3465,60.0000,-47.9753,-9.4349,-2.2883,0.0000,0.0000,0.3124,-0.0108
3465,3472.5,60.0000,-48.2504,-9.8909,-2.5118,0.0000,0.0000,-0.6635,0.0104
3472.5,3480,60.0000,-47.8607,-9.3451,-2.2600,0.0000,0.0000,0.5381,-0.0040
3480,3487.5,60.0000,-47.7404,-9.6282,-2.5657,0.0000,0.0000,0.0670,-0.0013
3487.5,3495,60.0000,-48.1536,-9.6007,-2.2022,0.0000,0.0000,0.0593,-0.0158
3495,3502.5,60.0000,-48.0040,-9.4945,-2.4602,0.0000,0.0000,0.0397,0.0016
3502.5,3510,60.0000,-48.1574,-9.4986,-2.3305,0.0000,0.0000,0.0197,-0.0061
3510,3517.5,60.0000,-47.8775,-9.4648,-2.1832,0.0000,0.0000,0.4834,-0.0090
3517.5,3525,60.0000,-48.0296,-9.4889,-2.4970,0.0000,0.0000,-0.0267,0.0112
3525,3532.5,60.0000,-48.1601,-9.8550,-2.2351,0.0000,0.0000,-0.2517,0.0016
3532.5,3540,60.0000,-47.9984,-9.9390,-2.3755,0.0000,0.0000,-0.2971,-0.0158
3540,3547.5,60.0000,-47.9829,-8.9707,-2.3689,0.0000,0.0000,0.6801,-0.0026
3547.5,3555,60.0000,-48.0633,-9.5866,-2.4948,0.0000,0.0000,-0.1477,0.0030
3555,3562.5,60.0000,-48.0474,-9.8883,-2.2658,0.0000,0.0000,-0.1920,-0.0095
3562.5,3570,60.0000,-48.1869,-9.8453,-2.3982,0.0000,0.0000,-0.4474,0.0169
3570,3577.5,60.0000,-47.7762,-9.6542,-2.5248,0.0000,0.0000,0.0593,-0.0146
3577.5,3585,60.0000,-48.0033,-9.5863,-2.2018,0.0000,0.0000,0.2297,-0.0211
3585,3592.5,60.0000,-48.0903,-9.6419,-2.6410,0.0000,0.0000,-0.3814,0.0083
3592.5,3600,60.0000,-47.9095,-9.3487,-2.3072,0.0000,0.0000,0.4318,0.0029
