time_s,room_mean_C,floor_layer_C,head_height_C,glass_inside_C,sill_up,sill_down,sill_down_T_C,floor_away,floor_toward,radiator_top_up,cold_floor_reach_m
0.625,19.9997,20.0111,20.0009,10.9979,0.000225592,0.000150773,17.6024,2.61253e-07,4.14292e-06,0.000233856,0.0000
1.25,20.0003,20.0112,20.001,9.48588,0.000893788,0.000748964,15.0561,0,6.58344e-05,0.000805996,0.0000
1.875,20.0013,20.0114,20.0012,8.61265,0.00189961,0.00158614,15.045,0,0.000173999,0.00187304,0.0000
2.5,20.0027,20.0118,20.0016,8.12506,0.00304388,0.00254749,14.707,0,0.000327915,0.00351579,0.0000
3.125,20.0041,20.0122,20.002,7.89468,0.00461965,0.00363,14.4238,0,0.000526092,0.00575913,0.0000
3.75,20.0056,20.0126,20.0024,7.84638,0.00704665,0.00487829,14.3411,0,0.000762103,0.00968213,0.0000
4.375,20.0071,20.013,20.0028,7.93356,0.0116105,0.0064389,14.7408,0,0.00100852,0.0109074,0.0000
5,20.0084,20.0133,20.0031,8.06736,0.0210584,0.00993597,16.3405,0,0.00122325,0.00902418,0.0000
5.625,20.0097,20.0136,20.0035,8.15649,0.0287699,0.0107371,17.4646,0,0.0013958,0.00875231,0.0000
6.25,20.0109,20.014,20.0045,8.14439,0.0310191,0.00817282,17.3385,0,0.00155317,0.010933,0.0000
6.875,20.0122,20.0143,20.0151,8.13779,0.0308336,0.00671937,16.0278,0,0.00171062,0.0093257,0.0000
7.5,20.0135,20.0147,20.0441,8.19603,0.0290916,0.00758997,14.9572,0,0.00186933,0.00425029,0.0000
8.125,20.0148,20.0151,20.0665,8.26154,0.0262938,0.00918733,15.9538,0,0.00204419,0.00215047,0.0000
8.75,20.016,20.0154,20.0716,8.23677,0.02093,0.0073319,16.1996,0,0.00225045,0.00124908,0.0000
9.375,20.0173,20.0158,20.0672,8.21428,0.017959,0.00659018,15.5133,0,0.00247914,0.000204438,0.0000
10,20.0185,20.0161,20.0559,8.23439,0.0177751,0.00704053,15.5331,0,0.00267049,2.17015e-05,0.0000
10.625,20.0198,20.0165,20.0417,8.24144,0.0196402,0.00717062,15.7002,0,0.00276993,0.00075803,0.0000
11.25,20.0211,20.0168,20.0284,8.24299,0.0233053,0.00740416,15.7782,0,0.00280988,0.00281901,0.0000
11.875,20.0223,20.0172,20.0185,8.24897,0.0258459,0.0077065,15.8056,0,0.00284683,0.00427357,0.0000
12.5,20.0236,20.0175,20.013,8.26407,0.0257966,0.0079728,15.8024,0,0.00291979,0.00447324,0.0000
13.125,20.0248,20.0179,20.011,8.28087,0.0235542,0.00832457,15.9355,0,0.00306214,0.00328992,0.0000
13.75,20.026,20.0182,20.0102,8.29257,0.0192879,0.00817478,15.9174,0,0.00329785,0.00155606,0.0000
14.375,20.0273,20.0186,20.0096,8.29853,0.0146146,0.00799576,15.9261,0,0.00364558,6.73714e-05,0.0000
15,20.0285,20.0189,20.0093,8.30231,0.0104779,0.00806357,16.0133,0,0.00410521,0,0.0000
15.625,20.0297,20.0193,20.0093,8.30743,0.0068449,0.00843243,16.1791,0,0.00464298,0,0.0000
16.25,20.0309,20.0196,20.0095,8.31556,0.00349904,0.00917459,16.4394,0,0.00519924,0,0.0000
16.875,20.0321,20.0199,20.0098,8.32667,0.00141618,0.0117549,17.1709,0,0.00571249,0,0.0000
17.5,20.0333,20.0203,20.0103,8.33979,0.00120657,0.0165304,17.9721,0,0.00613834,0,0.0000
18.125,20.0346,20.0206,20.0153,8.35384,0.0016903,0.0209215,18.432,0,0.00645996,0,0.0000
18.75,20.0358,20.021,20.0312,8.36829,0.0025721,0.0241553,18.6826,0,0.00668547,0,0.0000
19.375,20.037,20.0213,20.0471,8.38272,0.00365868,0.0262492,18.8176,0,0.00683115,0,0.0000
20,20.0382,20.0217,20.0623,8.39646,0.00475333,0.0274102,18.8888,0,0.0069171,0,0.0000
20.625,20.0394,20.022,20.0717,8.40888,0.00566747,0.0279001,18.9266,0,0.00697093,0,0.0000
21.25,20.0405,20.0224,20.0763,8.41938,0.00627616,0.0279346,18.946,0,0.00702674,0,0.0000
21.875,20.0417,20.0227,20.0771,8.42744,0.00639267,0.0277182,18.9619,0,0.00712259,0,0.0000
22.5,20.0429,20.023,20.0729,8.43275,0.0059509,0.0274442,18.9856,0,0.0072989,0,0.0000
23.125,20.0441,20.0234,20.0645,8.43578,0.0050823,0.0272736,19.0231,0,0.00759529,0,0.0000
23.75,20.0453,20.0237,20.0538,8.43789,0.00400318,0.0273132,19.0775,0,0.00803994,0,0.0000
24.375,20.0465,20.0241,20.0418,8.44078,0.00287837,0.0275736,19.1437,0,0.00863663,0,0.0000
25,20.0476,20.0244,20.0302,8.44563,0.00187635,0.0280309,19.2105,0,0.00935937,0,0.0000
25.625,20.0488,20.0248,20.0214,8.45284,0.0011845,0.0286406,19.2561,0,0.0101592,0,0.0000
26.25,20.05,20.0251,20.0186,8.46243,0.00083303,0.0292564,19.2516,0,0.0109739,0,0.0000
26.875,20.0512,20.0255,20.0268,8.47462,0.000735464,0.0297336,19.1955,0,0.0117383,0,0.0000
27.5,20.0524,20.0258,20.0488,8.48907,0.000772241,0.0300065,19.1238,0,0.0123938,0,0.0000
28.125,20.0535,20.0261,20.0853,8.50536,0.000880678,0.0300788,19.0633,0,0.0128957,0,0.0000
28.75,20.0547,20.0265,20.1351,8.52362,0.000965656,0.0298841,19.0041,0,0.0132164,0,0.0000
29.375,20.0558,20.0268,20.1821,8.54346,0.000979913,0.0293185,18.9285,0,0.0133441,0,0.0000
30,20.057,20.0271,20.2094,8.5633,0.000962154,0.0283152,18.8283,0,0.0132846,0,0.0000
30.625,20.0581,20.0275,20.2104,8.581,0.000962745,0.0269342,18.7043,0,0.0130624,0,0.0000
31.25,20.0592,20.0278,20.1952,8.59483,0.000988717,0.0253395,18.5678,0,0.0127151,0,0.0000
31.875,20.0603,20.0281,20.1806,8.60433,0.00105378,0.0237171,18.4283,0,0.0122816,0,0.0000
32.5,20.0614,20.0284,20.1669,8.61027,0.00117078,0.0222344,18.2937,0,0.0117935,0,0.0000
33.125,20.0625,20.0287,20.153,8.61351,0.00134106,0.0210407,18.1768,0,0.0112744,0,0.0000
33.75,20.0636,20.029,20.136,8.61464,0.001546,0.0202268,18.0897,0,0.0107419,0,0.0000
34.375,20.0647,20.0293,20.1175,8.6141,0.00174843,0.019796,18.0385,0,0.0102101,0,0.0000
35,20.0658,20.0296,20.0983,8.61236,0.00182691,0.0196499,18.0161,0,0.00969321,0,0.0000
35.625,20.0669,20.03,20.0789,8.60906,0.00183609,0.0197647,18.0224,0,0.00920357,0,0.0000
36.25,20.068,20.0303,20.0653,8.60122,0.00177304,0.0199602,18.0374,0,0.00874952,0,0.0000
36.875,20.0691,20.0306,20.0584,8.58585,0.00164732,0.0204504,18.0826,0,0.00833786,0,0.0000
37.5,20.0701,20.0309,20.0487,8.5707,0.00129463,0.020864,18.1207,0,0.00796848,0,0.0000
38.125,20.0712,20.0312,20.0529,8.5629,0.00121027,0.0214199,18.1748,0,0.00763697,0,0.0000
38.75,20.0723,20.0315,20.0579,8.56094,0.000928748,0.0221024,18.2527,0,0.00734096,0,0.0000
39.375,20.0734,20.0318,20.0466,8.56314,0.000714079,0.0228165,18.3286,0,0.00707626,0,0.0000
40,20.0745,20.032,20.0549,8.57017,0.000472885,0.0235317,18.4035,2.31571e-07,0.0068325,0,0.0000
40.625,20.0755,20.0323,20.0523,8.58314,0.000331689,0.0241965,18.4728,1.14894e-06,0.00660095,0,0.0000
41.25,20.0765,20.0326,20.0561,8.60319,0.000233861,0.0250261,18.5511,1.99907e-06,0.00638019,0,0.0000
41.875,20.0776,20.0329,20.0535,8.63085,9.91011e-05,0.0258886,18.6275,2.76938e-06,0.00617191,0,0.0000
42.5,20.0785,20.0331,20.0502,8.66512,5.2239e-05,0.0266931,18.6974,3.51004e-06,0.00597346,0,0.0000
43.125,20.0795,20.0334,20.0589,8.70414,1.24371e-05,0.0275972,18.7667,4.27412e-06,0.00578105,0,0.0000
43.75,20.0805,20.0337,20.0536,8.74596,0,0.0285194,18.8303,5.05578e-06,0.00559334,0,0.0000
44.375,20.0814,20.0339,20.0593,8.78825,0,0.0294511,18.8875,5.88861e-06,0.00540713,0,0.0000
45,20.0823,20.0342,20.0706,8.82825,0,0.0303814,18.9382,6.79733e-06,0.00521928,0,0.0000
45.625,20.0832,20.0344,20.0744,8.86278,0,0.031309,18.9812,7.76248e-06,0.00502877,0,0.0000
46.25,20.0841,20.0346,20.0757,8.89157,0,0.0322243,19.0152,8.74934e-06,0.0048361,0,0.0000
46.875,20.0849,20.0349,20.0775,8.91651,0,0.033123,19.0441,1.22391e-05,0.00464424,0,0.0000
47.5,20.0858,20.0351,20.0795,8.94088,0,0.0340002,19.0672,1.58489e-05,0.00445223,0,0.0000
48.125,20.0866,20.0353,20.0816,8.97011,0,0.0348617,19.0863,1.92583e-05,0.00426128,0,0.0000
48.75,20.0875,20.0356,20.0845,9.00612,0,0.0357039,19.1018,2.23432e-05,0.00407396,0,0.0000
49.375,20.0883,20.0358,20.0862,9.04681,0,0.03653,19.1153,2.49267e-05,0.00389411,0,0.0000
50,20.0891,20.036,20.0894,9.08785,0,0.0373377,19.1309,2.74345e-05,0.00372765,0,0.0000
50.625,20.0899,20.0362,20.0892,9.12393,0,0.0381241,19.1531,3.06218e-05,0.00358231,0,0.0000
51.25,20.0907,20.0364,20.0911,9.15073,0,0.0388893,19.1783,3.19073e-05,0.00346291,0,0.0000
51.875,20.0915,20.0366,20.0892,9.16853,0,0.0396398,19.1999,3.10487e-05,0.00337463,0,0.0000
52.5,20.0922,20.0369,20.0878,9.18086,0,0.040385,19.2186,2.80777e-05,0.00332351,0,0.0000
53.125,20.093,20.0371,20.091,9.19198,0,0.0411231,19.2372,2.34409e-05,0.00330478,0,0.0000
53.75,20.0938,20.0373,20.088,9.2055,0,0.0418508,19.2554,1.69695e-05,0.00331232,0,0.0000
54.375,20.0945,20.0375,20.0867,9.22179,0,0.0425534,19.2733,8.9445e-06,0.00335987,0,0.0000
55,20.0953,20.0377,20.0918,9.23624,0,0.0432227,19.292,1.01431e-06,0.0034658,0,0.0000
55.625,20.0961,20.0379,20.0941,9.24276,0,0.0438518,19.309,0,0.00363722,0,0.0000
56.25,20.0968,20.0381,20.0923,9.23954,0,0.0444374,19.3214,0,0.00384538,0,0.0000
56.875,20.0976,20.0383,20.0916,9.22982,0,0.0449768,19.3311,0,0.00406584,0,0.0000
57.5,20.0984,20.0385,20.0924,9.21829,0,0.0454588,19.3416,0,0.00430585,0,0.0000
58.125,20.0991,20.0388,20.0937,9.20864,0,0.045863,19.353,0,0.00460516,0,0.0000
58.75,20.0999,20.039,20.0955,9.20273,0,0.0461696,19.3632,0,0.0050138,0,0.0000
59.375,20.1007,20.0392,20.0969,9.20076,0,0.0463645,19.3695,0,0.00556331,0,0.0000
60,20.1015,20.0394,20.0976,9.20196,0,0.0464472,19.3712,0,0.0062445,0,0.0000
60.625,20.1023,20.0397,20.0977,9.2055,0,0.0464496,19.3688,0,0.00700375,0,0.0000
61.25,20.103,20.0399,20.097,9.21111,0,0.046404,19.3645,0,0.0077651,0,0.0000
61.875,20.1038,20.0401,20.0958,9.21906,0,0.0463299,19.3601,0,0.00846084,0,0.0000
62.5,20.1046,20.0403,20.0951,9.22926,0,0.0462531,19.3573,0,0.00907424,0,0.0000
63.125,20.1054,20.0406,20.0955,9.23935,0,0.0462079,19.3578,0,0.00966869,0,0.0000
63.75,20.1061,20.0408,20.0975,9.24356,0,0.0462008,19.3619,0,0.0103283,0,0.0000
64.375,20.1069,20.041,20.1014,9.23446,0,0.0462062,19.3697,0,0.0110566,0,0.0000
65,20.1077,20.0412,20.1068,9.20725,0,0.046191,19.3802,0,0.0118051,0,0.0000
65.625,20.1085,20.0415,20.1117,9.16242,0,0.0461279,19.3932,0,0.0125656,0,0.0000
66.25,20.1093,20.0417,20.1148,9.10463,0,0.0459381,19.4063,0,0.013337,0,0.0000
66.875,20.1102,20.0419,20.117,9.04105,0,0.045568,19.4168,0,0.0140387,0,0.0000
67.5,20.111,20.0422,20.1194,8.97951,0,0.0449958,19.4227,0,0.0146069,0,0.0000
68.125,20.1119,20.0424,20.1213,8.92501,0,0.0442106,19.4226,0,0.0150703,0,0.0000
68.75,20.1128,20.0427,20.1222,8.87942,0,0.0432411,19.4161,0,0.0154691,0,0.0000
69.375,20.1138,20.0429,20.1236,8.84261,0,0.0421521,19.4013,0,0.0158312,0,0.0000
70,20.1147,20.0432,20.1261,8.81391,0,0.0409791,19.3782,0,0.0162116,0,0.0000
70.625,20.1157,20.0435,20.1291,8.79235,0,0.0397763,19.3483,0,0.0166643,0,0.0000
71.25,20.1166,20.0438,20.1327,8.77636,0,0.0385943,19.3157,0,0.017219,0,0.0000
71.875,20.1176,20.044,20.1362,8.76364,0,0.0374644,19.2829,0,0.0178654,0,0.0000
72.5,20.1186,20.0443,20.139,8.7521,0,0.036406,19.2527,0,0.0185587,0,0.0000
73.125,20.1196,20.0446,20.1413,8.74059,0,0.0353985,19.224,0,0.0192257,0,0.0000
73.75,20.1206,20.0449,20.1429,8.72899,0,0.0344161,19.1953,0,0.0197668,0,0.0000
74.375,20.1216,20.0452,20.1441,8.71691,0,0.0334438,19.1659,0,0.0200876,0,0.0000
75,20.1226,20.0455,20.145,8.70413,0,0.0324643,19.1336,0,0.0201357,0,0.0000
75.625,20.1236,20.0458,20.1464,8.69081,0,0.0314692,19.097,0,0.0199149,0,0.0000
76.25,20.1246,20.0461,20.1498,8.67685,0,0.0304727,19.056,0,0.0194806,0,0.0000
76.875,20.1256,20.0464,20.1579,8.6623,0,0.0294976,19.0098,0,0.0188985,0,0.0000
77.5,20.1266,20.0467,20.1738,8.64724,0,0.0285673,18.9593,0,0.0182208,0,0.0000
78.125,20.1277,20.047,20.196,8.63183,0,0.0277087,18.9053,0,0.0174902,0,0.0000
78.75,20.1287,20.0473,20.223,8.6162,0,0.0269494,18.8496,0,0.0167421,0,0.0000
79.375,20.1298,20.0476,20.2508,8.60061,0,0.0263067,18.7941,0,0.0160007,0,0.0000
80,20.1308,20.0479,20.2734,8.58534,0,0.0257925,18.7408,7.83323e-06,0.015284,0,0.0000
80.625,20.1319,20.0482,20.2883,8.57055,0,0.0254058,18.6923,1.62006e-05,0.0145862,0,0.0000
81.25,20.1329,20.0485,20.2959,8.55628,0,0.0251345,18.6501,2.36462e-05,0.0139016,0,0.0000
81.875,20.134,20.0488,20.2988,8.54251,0,0.0249669,18.6154,3.03281e-05,0.0132242,0,0.0000
82.5,20.1351,20.0491,20.2997,8.52916,0,0.0248839,18.5888,4.13719e-05,0.0125561,0,0.0000
83.125,20.1361,20.0494,20.2989,8.51623,0,0.0248586,18.5694,6.18965e-05,0.0119025,0,0.0000
83.75,20.1372,20.0497,20.2959,8.50379,0,0.0248671,18.5559,8.03941e-05,0.011256,0,0.0000
84.375,20.1383,20.05,20.2901,8.49195,0,0.0249015,18.5487,9.67883e-05,0.0106235,0,0.0000
85,20.1394,20.0503,20.2804,8.48096,0,0.0249737,18.5478,0.000127907,0.0100315,0,0.0000
85.625,20.1404,20.0506,20.2676,8.4711,0,0.0250687,18.5519,0.000155271,0.00947338,0,0.0000
86.25,20.1415,20.0509,20.2526,8.46254,0,0.0251725,18.5603,0.000178078,0.00895962,0,0.0000
86.875,20.1426,20.0512,20.2349,8.45539,0,0.0252615,18.5709,0.000209171,0.00850587,0,0.0000
87.5,20.1437,20.0515,20.2146,8.44965,0,0.0252873,18.5804,0.000237667,0.00809363,0,0.0000
88.125,20.1448,20.0518,20.1939,8.44519,0,0.0253054,18.5916,0.00026227,0.00770681,0,0.0000
88.75,20.1459,20.0521,20.1764,8.4418,0,0.0253136,18.6032,0.000291571,0.00734243,0,0.0000
89.375,20.1469,20.0524,20.1623,8.43924,0,0.0252647,18.6113,0.000321395,0.00699445,0,0.0000
90,20.148,20.0527,20.1564,8.43728,0,0.0252179,18.6189,0.000347052,0.00666328,0,0.0000
90.625,20.1491,20.053,20.1539,8.43573,0,0.0251732,18.6249,0.00037208,0.00635703,0,0.0000
91.25,20.1502,20.0533,20.1526,8.4345,0,0.0251087,18.6277,0.00039732,0.00608566,0,0.0000
91.875,20.1513,20.0536,20.1554,8.43354,0,0.0250728,18.6301,0.000416249,0.00585028,0,0.0000
92.5,20.1523,20.0539,20.1549,8.43278,0,0.0250462,18.6313,0.000429179,0.0056513,0,0.0000
93.125,20.1534,20.0542,20.1452,8.43201,0,0.0250367,18.6323,0.000438521,0.00549235,0,0.0000
93.75,20.1544,20.0545,20.1408,8.43099,0,0.0250453,18.6335,0.000445297,0.00536847,0,0.0000
94.375,20.1555,20.0548,20.1402,8.42958,0,0.0250689,18.6351,0.000447483,0.00527028,0,0.0000
95,20.1566,20.055,20.1347,8.42767,0,0.0251071,18.6373,0.000446857,0.00518794,0,0.0000
95.625,20.1576,20.0553,20.1345,8.42525,0,0.0251539,18.6401,0.000444643,0.00511384,0,0.0000
96.25,20.1587,20.0556,20.1371,8.42233,0,0.0252074,18.6431,0.00044241,0.00503896,0,0.0000
96.875,20.1597,20.0559,20.1394,8.41901,0,0.0252598,18.6461,0.000440898,0.00495877,0,0.0000
97.5,20.1608,20.0562,20.1437,8.41532,0,0.0253102,18.6497,0.000441773,0.00486924,0,0.0000
98.125,20.1618,20.0565,20.1488,8.41149,0,0.0253494,18.654,0.000446202,0.00477187,0,0.0000
98.75,20.1629,20.0568,20.1553,8.40792,0,0.0253788,18.6591,0.000452398,0.00466453,0,0.0000
99.375,20.1639,20.0571,20.1613,8.40512,0,0.0253938,18.6644,0.00045955,0.00455154,0,0.0000
100,20.165,20.0574,20.168,8.40346,0,0.0253966,18.6693,0.000466957,0.00443695,0,0.0000
100.625,20.166,20.0577,20.1725,8.40317,0,0.0253887,18.6735,0.00047363,0.0043264,0,0.0000
101.25,20.1671,20.058,20.1761,8.4044,0,0.0253708,18.6771,0.000478556,0.00422567,0,0.0000
101.875,20.1681,20.0583,20.1767,8.40734,0,0.0253504,18.6805,0.000483257,0.00414081,0,0.0000
102.5,20.1691,20.0585,20.1757,8.4122,0,0.0253295,18.6842,0.000484437,0.00407374,0,0.0000
103.125,20.1701,20.0588,20.172,8.41927,0,0.0253138,18.6886,0.000481687,0.00402666,0,0.0000
103.75,20.1712,20.0591,20.1672,8.42903,0,0.0253103,18.6941,0.000474947,0.00400042,0,0.0000
104.375,20.1722,20.0594,20.1616,8.44226,0,0.0253237,18.7007,0.000464447,0.00399507,0,0.0000
105,20.1732,20.0597,20.1564,8.46022,0,0.0253605,18.7086,0.000450943,0.00400849,0,0.0000
105.625,20.1742,20.06,20.1522,8.48475,0,0.0254267,18.7175,0.000435553,0.0040366,0,0.0000
106.25,20.1752,20.0602,20.1497,8.5174,0,0.0255288,18.7282,0.000419745,0.00407295,0,0.0000
106.875,20.1761,20.0605,20.1486,8.55443,0,0.0256721,18.741,0.000405011,0.00410957,0,0.0000
107.5,20.1771,20.0608,20.1488,8.58351,0,0.0258612,18.758,0.000392761,0.00413757,0,0.0000
108.125,20.178,20.061,20.1501,8.59467,0,0.0261015,18.781,0.000384119,0.00414889,0,0.0000
108.75,20.179,20.0613,20.1518,8.58708,0,0.0263996,18.8135,0.000379665,0.00413833,0,0.0000
109.375,20.1799,20.0615,20.154,8.56687,0,0.0267701,18.8516,0.00037959,0.00410358,0,0.0000
110,20.1809,20.0618,20.1565,8.54253,0,0.0272349,18.8854,0.00038373,0.00404522,0,0.0000
110.625,20.1819,20.062,20.1594,8.51853,0,0.0278143,18.9069,0.000391788,0.00396562,0,0.0000
111.25,20.1829,20.0623,20.163,8.4987,0,0.0285184,18.9163,0.00040335,0.00386828,0,0.0000
111.875,20.1839,20.0626,20.1672,8.4904,0,0.0293428,18.9068,0.000419086,0.00375868,0,0.0000
112.5,20.1849,20.0628,20.1719,8.5057,0,0.0302521,18.8928,0.000438307,0.00364189,0,0.0000
113.125,20.1859,20.0631,20.1765,8.53229,0,0.0311789,18.9406,0.000458733,0.00352276,0,0.0000
113.75,20.1869,20.0633,20.1806,8.55743,0,0.032095,18.9656,0.000479326,0.00340727,0,0.0000
114.375,20.1879,20.0636,20.1838,8.5842,0,0.0329845,18.9971,0.000502121,0.00330066,0,0.0000
115,20.1888,20.0638,20.1856,8.6066,0,0.0338004,19.0314,0.000527005,0.00320184,0,0.0000
115.625,20.1898,20.064,20.1857,8.62598,0,0.034511,19.0658,0.000556264,0.00310356,0,0.0000
116.25,20.1907,20.0643,20.1845,8.64431,0,0.0351044,19.1037,0.000595777,0.00299668,0,0.0000
116.875,20.1916,20.0645,20.1822,8.6606,0,0.0355815,19.1434,0.000644551,0.00286472,0,0.0000
117.5,20.1926,20.0647,20.1793,8.67334,0,0.0359528,19.1785,0.000704807,0.00270153,0,0.0000
118.125,20.1935,20.065,20.1758,8.68172,0,0.0362323,19.2049,0.000772101,0.00250589,0,0.0000
118.75,20.1944,20.0652,20.1719,8.68561,0,0.0364298,19.2219,0.000842653,0.00228947,0,0.0000
119.375,20.1953,20.0655,20.1679,8.68529,0,0.0365494,19.2311,0.000911506,0.00207197,0,0.0000
120,20.1962,20.0658,20.1641,8.68132,0,0.0365931,19.2338,0.000973355,0.0018741,0,0.0000
120.625,20.1971,20.0661,20.1612,8.67442,0,0.0365629,19.2316,0.00102313,0.00171178,0,0.0000
121.25,20.198,20.0665,20.1596,8.66525,0,0.0364602,19.2254,0.00105633,0.00159388,0,0.0000
121.875,20.199,20.067,20.1589,8.65443,0,0.0362859,19.2161,0.00106949,0.00152359,0,0.0000
122.5,20.1999,20.0674,20.1584,8.64243,0,0.0360397,19.2042,0.00106041,0.0015011,0,0.0000
123.125,20.2008,20.0679,20.1578,8.62973,0,0.0357188,19.1899,0.00102821,0.00152607,0,0.0000
123.75,20.2017,20.0684,20.1569,8.61677,0,0.0353174,19.1732,0.00097336,0.0015986,0,0.0000
124.375,20.2027,20.0689,20.1557,8.60404,0,0.0348267,19.154,0.000897965,0.00171892,0,0.0000
125,20.2036,20.0694,20.1544,8.59207,0,0.0342356,19.1318,0.000806223,0.00188632,0,0.0000
125.625,20.2046,20.0699,20.1531,8.58134,0,0.0335327,19.106,0.000704075,0.00209697,0,0.0000
126.25,20.2055,20.0699,20.1522,8.57238,0,0.0327087,19.0759,0.000598418,0.00234268,0,0.0000
126.875,20.2065,20.0683,20.152,8.56553,0,0.0317585,19.0409,0.000496086,0.00261418,0,0.0000
127.5,20.2075,20.0639,20.1527,8.56039,0,0.0306818,19.0004,0.000399479,0.00290212,0,0.0000
128.125,20.2084,20.0573,20.1544,8.5555,0,0.0294858,18.9536,0.000309651,0.00320302,0,0.0000
128.75,20.2094,20.0483,20.1569,8.54906,0,0.0281883,18.9002,0.00022998,0.00351934,0,0.2340
129.375,20.2104,20.0396,20.1599,8.54027,0,0.0268187,18.8401,0.000158024,0.00384815,0,0.2583
130,20.2113,20.0356,20.1631,8.52903,0,0.0254202,18.7738,9.31138e-05,0.00419562,0,0.2753
130.625,20.2123,20.0349,20.1664,8.51516,0,0.0240506,18.7024,3.88107e-05,0.00459134,0,0.2840
131.25,20.2133,20.0361,20.1698,8.49887,0,0.0227829,18.627,3.18151e-07,0.00507336,0,0.3020
131.875,20.2142,20.0376,20.1734,8.48213,0,0.0216948,18.5479,0,0.00566875,0,0.3112
132.5,20.2152,20.0392,20.1771,8.46844,0,0.0208434,18.4666,0,0.00630495,0,0.3206
133.125,20.2162,20.0397,20.1812,8.46128,7.21363e-05,0.0203088,18.3981,0,0.00692645,0,0.3302
133.75,20.2172,20.0386,20.1861,8.45983,0.000236875,0.0200501,18.3659,0,0.00748394,0,0.3399
134.375,20.2182,20.0368,20.1927,8.45998,0.000413896,0.0198948,18.3527,0,0.00795337,0,0.3600
135,20.2192,20.0343,20.2038,8.46108,0.000572849,0.0197655,18.3463,0,0.0083317,0,0.3703
135.625,20.2202,20.0293,20.2228,8.46249,0.000690555,0.0196633,18.3427,0,0.00861608,0,0.3808
136.25,20.2213,20.0221,20.2518,8.4643,0.000767667,0.019639,18.3464,0,0.00879239,0,0.3916
136.875,20.2223,20.0154,20.2903,8.4662,0.000808278,0.0196901,18.3564,0,0.00884246,0,0.3916
137.5,20.2233,20.0114,20.3352,8.46801,0.000829568,0.0197518,18.3677,0,0.00875236,0,0.4025
138.125,20.2243,20.0124,20.381,8.46939,0.000849986,0.0197535,18.3732,0,0.00851697,0,0.4136
138.75,20.2253,20.0199,20.4214,8.47029,0.000884329,0.0196853,18.3711,0,0.00814467,0,0.4136
139.375,20.2263,20.0332,20.4509,8.47077,0.000940349,0.0195894,18.3645,2.67075e-06,0.0076599,0,0.4249
140,20.2273,20.0419,20.4665,8.4711,0.00101837,0.019518,18.3586,1.09508e-05,0.00709163,0,0.4249
140.625,20.2283,20.0363,20.4681,8.47138,0.00110779,0.0195018,18.357,2.57935e-05,0.00646856,0,0.4365
141.25,20.2293,20.0262,20.459,8.47175,0.00118968,0.0195355,18.3598,4.98786e-05,0.00581711,0,0.4365
141.875,20.2303,20.0152,20.4449,8.47226,0.00125013,0.019586,18.3641,8.79122e-05,0.00514741,0,0.4482
142.5,20.2314,20.0025,20.4317,8.47296,0.00128686,0.0196143,18.3664,0.000151965,0.00445257,0,0.4482
143.125,20.2324,19.9915,20.4231,8.4739,0.00130953,0.0195884,18.3636,0.000256603,0.00371038,0,0.4602
143.75,20.2334,19.9817,20.4192,8.4751,0.00133783,0.0194802,18.3534,0.00042623,0.00291673,0,0.4602
144.375,20.2344,19.9722,20.4175,8.47657,0.00139783,0.019251,18.3322,0.000679265,0.00210986,0,0.4724
145,20.2354,19.9616,20.4142,8.47837,0.00152137,0.0188541,18.2951,0.00102585,0.00138281,0,0.4724
145.625,20.2365,19.9484,20.4069,8.4807,0.00174023,0.018255,18.2364,0.00147788,0.000845608,0,0.6078
146.25,20.2375,19.9326,20.3956,8.48391,0.00206854,0.0174672,18.1527,0.00201403,0.000550712,8.58294e-06,0.6535
146.875,20.2385,19.9156,20.3825,8.48855,0.0024878,0.0165992,18.0501,0.00249742,0.00039013,9.22937e-05,0.6694
147.5,20.2395,19.8986,20.3701,8.49525,0.00293481,0.0158243,17.947,0.00287534,0.000290943,0.000317617,0.7019
148.125,20.2406,19.8856,20.3605,8.50443,0.00339068,0.0153224,17.8732,0.00318269,0.000229487,0.000686901,0.7187
148.75,20.2416,19.8795,20.3545,8.51601,0.00387372,0.0151413,17.8457,0.00347666,0.000194474,0.00110293,0.7531
149.375,20.2426,19.8768,20.3522,8.52938,0.00442876,0.0151959,17.8574,0.00379447,0.000173918,0.00144383,0.7708
150,20.2436,19.8788,20.3535,8.54381,0.00507852,0.0153609,17.8885,0.00415207,0.000163026,0.00165179,0.7889
150.625,20.2446,19.8842,20.3585,8.55869,0.00583173,0.0155683,17.9255,0.004548,0.000159152,0.00177101,0.8073
151.25,20.2456,19.8835,20.3674,8.57345,0.00670735,0.0157973,17.9642,0.00497263,0.000161331,0.00183629,0.8260
151.875,20.2466,19.873,20.3801,8.5874,0.00774475,0.0160616,18.0058,0.00540911,0.000168515,0.00187071,0.8451
152.5,20.2476,19.8589,20.3959,8.59989,0.00891695,0.0163405,18.0475,0.00583259,0.000180945,0.00192191,0.8645
153.125,20.2486,19.8418,20.414,8.61048,0.0101198,0.01655,18.0792,0.00624027,0.000198332,0.00199959,0.8843
153.75,20.2496,19.8239,20.4336,8.61895,0.0112189,0.0165859,18.0878,0.00663769,0.000221615,0.00206512,0.9250
154.375,20.2506,19.8064,20.4522,8.6254,0.0121299,0.0164557,18.0734,0.00700732,0.000249693,0.00211696,0.9460
155,20.2516,19.7888,20.464,8.63019,0.0128874,0.0162997,18.0534,0.00736174,0.000287351,0.00216588,0.9460
155.625,20.2525,19.772,20.4647,8.63392,0.0135791,0.0161898,18.0379,0.00769277,0.000321027,0.00221074,0.9673
156.25,20.2535,19.7573,20.4562,8.63718,0.0142152,0.0161264,18.0271,0.00798926,0.000349984,0.00224501,0.9890
156.875,20.2544,19.7441,20.4451,8.64053,0.0146977,0.0160924,18.0194,0.00824402,0.000365233,0.00226445,1.0111
157.5,20.2554,19.7321,20.4358,8.64427,0.014926,0.0160715,18.0124,0.00848995,0.000359673,0.002266,1.0333
158.125,20.2563,19.7216,20.4275,8.64843,0.0149102,0.0160859,18.0095,0.00873246,0.000330582,0.00224473,1.0556
158.75,20.2572,19.7129,20.4179,8.65286,0.0147082,0.0161368,18.0112,0.00896216,0.000279199,0.00219287,1.0778
159.375,20.2581,19.7059,20.4059,8.65712,0.0144067,0.0162203,18.0179,0.00919898,0.000215325,0.0021058,1.1000
160,20.259,19.7004,20.3922,8.6606,0.014081,0.0163183,18.0278,0.00945238,0.00014031,0.00199053,1.1222
160.625,20.2599,19.696,20.3785,8.66285,0.0138021,0.0164158,18.0378,0.00974068,6.8658e-05,0.00186472,1.1667
161.25,20.2608,19.6915,20.3663,8.66361,0.0136468,0.0165104,18.0471,0.0100772,1.45096e-05,0.00174591,1.1889
161.875,20.2616,19.6864,20.3565,8.66282,0.0136855,0.0166115,18.0564,0.0104737,0,0.00164404,1.2111
162.5,20.2625,19.6807,20.3495,8.6607,0.0139596,0.0167335,18.0672,0.0108934,0,0.00157622,1.2556
163.125,20.2634,19.6745,20.3459,8.65756,0.0144597,0.0168859,18.081,0.0113107,0,0.00152667,1.2778
163.75,20.2643,19.6685,20.3458,8.65392,0.0151167,0.0170646,18.0972,0.0117118,0,0.00149055,1.3000
164.375,20.2651,19.663,20.3492,8.65029,0.0158152,0.0172484,18.1138,0.0120842,0,0.00146605,1.3222
165,20.266,19.6582,20.3553,8.64712,0.0164233,0.017405,18.1276,0.0124201,0,0.00145063,1.3444
165.625,20.2668,19.6538,20.3625,8.64473,0.0168215,0.0175001,18.1351,0.0127153,0,0.00143919,1.3667
166.25,20.2677,19.6499,20.3681,8.64327,0.0169406,0.0175159,18.1348,0.0129695,0,0.00142534,1.3889
166.875,20.2685,19.6463,20.3696,8.64272,0.0167821,0.017457,18.1281,0.0131838,0,0.00140572,1.4111
167.5,20.2693,19.6433,20.3659,8.64285,0.0164069,0.0173433,18.1175,0.0133576,0,0.0013809,1.4111
168.125,20.2701,19.6411,20.3578,8.64326,0.0159054,0.0171989,18.1061,0.0134862,0,0.00135512,1.4333
168.75,20.2709,19.6394,20.3472,8.64342,0.0153689,0.0170428,18.0958,0.0135611,0,0.00133352,1.4333
169.375,20.2717,19.6378,20.3359,8.64273,0.014872,0.0168875,18.0878,0.0135731,0,0.00132085,1.4333
170,20.2725,19.6363,20.3254,8.64061,0.0144749,0.016746,18.0828,0.0135147,0,0.00132052,1.4556
170.625,20.2733,19.6346,20.3163,8.63668,0.0142052,0.0166152,18.0796,0.0133811,0,0.00133473,1.4556
171.25,20.2741,19.6332,20.3091,8.63095,0.0140817,0.0164966,18.0777,0.0131709,0,0.00136448,1.4556
171.875,20.2749,19.6319,20.3037,8.62386,0.0141105,0.0163903,18.0761,0.0128875,0,0.00141016,1.4556
172.5,20.2757,19.6302,20.3001,8.61622,0.0142869,0.0162947,18.0742,0.0125374,0,0.00147826,1.4556
173.125,20.2765,19.6282,20.2983,8.60883,0.0145973,0.0162063,18.071,0.0121284,0,0.00156642,1.4556
173.75,20.2773,19.6258,20.2981,8.60224,0.0150204,0.0161189,18.0656,0.0116692,0,0.00167287,1.4556
174.375,20.2781,19.6229,20.2996,8.59659,0.0155327,0.0160281,18.0574,0.0111653,0,0.00179752,1.4556
175,20.279,19.6194,20.3024,8.59175,0.0161005,0.0159223,18.0452,0.0106184,0,0.00193968,1.4556
175.625,20.2798,19.615,20.3063,8.5874,0.0166814,0.0157834,18.0267,0.0100338,0,0.00210687,1.4556
176.25,20.2806,19.6098,20.3109,8.58351,0.0172351,0.0155976,18.0011,0.00943081,0,0.00230277,1.4556
176.875,20.2814,19.6041,20.3154,8.58001,0.0177409,0.0153704,17.9715,0.00883833,0,0.00251129,1.4556
177.5,20.2823,19.5981,20.3194,8.57685,0.018158,0.0150863,17.9359,0.00827703,0,0.00273802,1.4556
178.125,20.2831,19.5918,20.3223,8.57414,0.0184857,0.0147665,17.8956,0.0077534,9.66094e-07,0.00298933,1.4556
178.75,20.2839,19.5852,20.3238,8.57252,0.0187168,0.0144201,17.848,0.00771791,0.000443643,0.00324295,1.4556
179.375,20.2847,19.5787,20.324,8.57322,0.0188809,0.0140823,17.7948,0.0078519,0.00100191,0.00351787,1.4556
180,20.2855,19.5724,20.3231,8.57781,0.0189849,0.0137553,17.7333,0.00802702,0.00154264,0.00380278,1.4556
180.625,20.2864,19.5666,20.3214,8.58702,0.0190604,0.0134549,17.6718,0.00819508,0.00203003,0.00408778,1.4778
181.25,20.2872,19.5617,20.3191,8.59955,0.0191139,0.0131686,17.6183,0.00833858,0.00246039,0.0044036,1.4778
181.875,20.2879,19.5577,20.3165,8.61298,0.0191428,0.0128813,17.5711,0.0084616,0.00283903,0.00471546,1.4778
182.5,20.2887,19.5543,20.3137,8.62595,0.0191678,0.0126122,17.5306,0.0085529,0.00315716,0.00501819,1.4778
183.125,20.2895,19.5512,20.3108,8.63793,0.0191693,0.0123484,17.4908,0.00861989,0.00342155,0.00533321,1.4778
183.75,20.2903,19.5478,20.3078,8.64907,0.0191516,0.0121034,17.4528,0.00867069,0.00364104,0.00562467,1.4778
184.375,20.291,19.5442,20.3045,8.65968,0.0191093,0.0118788,17.4147,0.00871644,0.00382336,0.00588776,1.5000
185,20.2918,19.5406,20.301,8.67023,0.0190427,0.0116778,17.3776,0.00876479,0.00397443,0.00612106,1.5000
185.625,20.2926,19.5377,20.2971,8.68124,0.0189526,0.0115002,17.3416,0.00881462,0.0040995,0.00634168,1.9000
186.25,20.2933,19.5359,20.2929,8.69332,0.0188486,0.0113514,17.3101,0.00886318,0.00420306,0.00652908,1.9667
186.875,20.294,19.5347,20.2883,8.70714,0.0187186,0.0112141,17.2792,0.00891062,0.00428733,0.00668489,2.0111
187.5,20.2948,19.5336,20.2837,8.7233,0.0185815,0.0111018,17.2559,0.00895814,0.00435405,0.00681165,2.0556
188.125,20.2955,19.5322,20.2789,8.74223,0.0184262,0.0109987,17.2369,0.00900768,0.00440437,0.00691219,2.1000
188.75,20.2962,19.5307,20.2741,8.76416,0.0182477,0.0108957,17.2224,0.00906077,0.0044391,0.00698989,2.1222
189.375,20.2968,19.5292,20.2695,8.78883,0.0180463,0.01079,17.2127,0.00911645,0.00445874,0.00704813,2.1444
190,20.2975,19.5279,20.265,8.81588,0.0178338,0.0106914,17.2107,0.00917029,0.00446501,0.00709007,2.1667
190.625,20.2981,19.5267,20.2608,8.8451,0.0176083,0.0105977,17.2144,0.00921727,0.00446037,0.00711841,2.1889
191.25,20.2988,19.5256,20.2568,8.87665,0.0173709,0.0105087,17.2223,0.00925534,0.00444767,0.0071344,2.1889
191.875,20.2994,19.5245,20.2531,8.91078,0.0171272,0.0104277,17.2349,0.00928868,0.00442956,0.00713817,2.2111
192.5,20.2999,19.5234,20.2498,8.94737,0.016882,0.0103564,17.2526,0.00932831,0.00440656,0.00712882,2.2333
193.125,20.3005,19.5224,20.2468,8.98437,0.016664,0.0103188,17.282,0.00938787,0.00437839,0.00710541,2.2333
193.75,20.301,19.5218,20.2441,9.01878,0.0164666,0.010303,17.3182,0.00947214,0.00434374,0.00706722,2.2556
194.375,20.3015,19.5214,20.2417,9.05067,0.0162907,0.0103038,17.3593,0.00957014,0.0043002,0.00701483,2.2556
195,20.302,19.5212,20.2397,9.08013,0.0161489,0.0103269,17.4059,0.00966041,0.00424615,0.00695023,2.2778
195.625,20.3025,19.5212,20.2379,9.10672,0.0160368,0.01036,17.4518,0.00972507,0.00418112,0.00687661,2.2778
196.25,20.303,19.5214,20.2364,9.13046,0.0159667,0.0104064,17.4964,0.00975862,0.00410632,0.0067991,2.3000
196.875,20.3035,19.5218,20.2352,9.15153,0.0159406,0.0104585,17.5443,0.00976746,0.0040239,0.00672361,2.3222
197.5,20.3039,19.5225,20.2342,9.1692,0.0159667,0.0105153,17.5939,0.00976571,0.00393654,0.00665431,2.3222
198.125,20.3044,19.5232,20.2334,9.18354,0.0160432,0.0105697,17.6418,0.00976875,0.0038469,0.00660349,2.3444
198.75,20.3048,19.524,20.2329,9.19423,0.0161795,0.0106293,17.6928,0.00978643,0.00375688,0.00656892,2.3444
199.375,20.3053,19.5248,20.2326,9.20171,0.0163695,0.0106895,17.7415,0.00982261,0.00367117,0.00654582,2.3667
200,20.3057,19.5256,20.2325,9.20652,0.0166019,0.0107441,17.7874,0.00986673,0.00358673,0.00653428,2.3889
200.625,20.3061,19.5264,20.2326,9.20914,0.0168648,0.0107881,17.8303,0.00991142,0.00350195,0.00653391,2.3889
201.25,20.3066,19.5272,20.2328,9.21011,0.0171445,0.0108164,17.8693,0.00995589,0.00341593,0.00654497,2.4111
201.875,20.307,19.528,20.2332,9.21002,0.0174272,0.0108247,17.9038,0.0100016,0.00332767,0.00656876,2.4333
202.5,20.3075,19.5287,20.2338,9.20923,0.0177016,0.0108092,17.9334,0.010049,0.00323617,0.00660707,2.4333
203.125,20.3079,19.5294,20.2344,9.20788,0.0179599,0.0107702,17.9585,0.0100955,0.00314057,0.00666134,2.4556
203.75,20.3084,19.53,20.2352,9.20637,0.0181981,0.0107109,17.9796,0.0101382,0.00304021,0.00673268,2.4778
204.375,20.3088,19.5306,20.236,9.20513,0.0184163,0.0106357,17.9978,0.0101755,0.00293463,0.00682181,2.5000
205,20.3093,19.5312,20.2369,9.20451,0.0186166,0.0105492,18.0137,0.0102069,0.00282368,0.00692894,2.5222
205.625,20.3097,19.5319,20.2378,9.20472,0.0188021,0.0104552,18.0275,0.0102355,0.00271047,0.00705427,2.5222
206.25,20.3102,19.5327,20.2388,9.20583,0.0189743,0.0103554,18.0409,0.0102626,0.00259626,0.00719805,2.5444
206.875,20.3106,19.5336,20.2397,9.20768,0.0191468,0.0102644,18.0578,0.0102843,0.00247776,0.00736123,2.5667
207.5,20.3111,19.5347,20.2407,9.21017,0.0193163,0.0101808,18.0771,0.0103008,0.00235574,0.00755425,2.5889
208.125,20.3115,19.5359,20.2416,9.21328,0.0194693,0.0100952,18.0959,0.0103125,0.00223105,0.00776398,2.6111
208.75,20.312,19.5373,20.2425,9.21694,0.0196011,0.0100078,18.1139,0.0103212,0.00210633,0.00798735,2.6333
209.375,20.3125,19.5392,20.2434,9.22111,0.0197064,0.00991912,18.1305,0.010328,0.00198296,0.00822075,2.6556
210,20.3129,19.5417,20.2442,9.22569,0.0197805,0.00982888,18.1455,0.0103313,0.00185958,0.0084605,2.6778
210.625,20.3134,19.5448,20.2451,9.23062,0.0198393,0.00975501,18.1628,0.0103341,0.0017392,0.00870391,2.7000
211.25,20.3138,19.5487,20.2459,9.23577,0.0198866,0.00970071,18.1831,0.0103348,0.00162019,0.00895747,2.7444
211.875,20.3143,19.5534,20.2467,9.24108,0.0199032,0.00964362,18.201,0.010336,0.00150467,0.00922287,2.7667
212.5,20.3148,19.559,20.2475,9.24643,0.0198919,0.00958187,18.2158,0.0103385,0.00139313,0.00948671,2.7889
213.125,20.3152,19.5653,20.2484,9.25175,0.0198563,0.00951391,18.227,0.0103428,0.00128589,0.00974714,2.8111
213.75,20.3157,19.5724,20.2493,9.25689,0.0198316,0.0094708,18.2419,0.0103504,0.00118445,0.0100012,2.8333
214.375,20.3162,19.5801,20.2503,9.26168,0.0197964,0.00942888,18.2546,0.0103601,0.00108734,0.0102457,2.8556
215,20.3166,19.5881,20.2513,9.26586,0.0197419,0.00937809,18.2628,0.0103739,0.000996772,0.0104784,2.9000
215.625,20.3171,19.5963,20.2524,9.26923,0.0196696,0.00932037,18.2669,0.0103898,0.000911002,0.0107133,2.9222
216.25,20.3176,19.6043,20.2536,9.27236,0.0196028,0.00927965,18.2727,0.0104078,0.000830492,0.0109312,2.9444
216.875,20.318,19.612,20.2548,9.27551,0.0195208,0.00923595,18.275,0.0104282,0.000755878,0.0111309,2.9667
217.5,20.3185,19.6191,20.2562,9.27871,0.0194389,0.00920472,18.2774,0.0104489,0.000685559,0.0113109,2.9889
218.125,20.319,19.6258,20.2577,9.28187,0.0193469,0.00917551,18.2783,0.0104707,0.000620507,0.0114709,3.0110
218.75,20.3195,19.632,20.2592,9.28495,0.0192601,0.00916297,18.2814,0.010493,0.000560102,0.0116111,3.0327
219.375,20.3199,19.6378,20.2609,9.28791,0.0191662,0.00915218,18.2831,0.010515,0.000503316,0.011732,3.0540
220,20.3204,19.6433,20.2627,9.29064,0.0190652,0.00914029,18.2834,0.0105382,0.000451247,0.0118344,3.0750
220.625,20.3209,19.6487,20.2646,9.29306,0.0189609,0.00912663,18.2828,0.0105623,0.000402771,0.0119202,3.0955
221.25,20.3214,19.6539,20.2666,9.29509,0.018858,0.00911026,18.2812,0.0105877,0.000357144,0.0119916,3.1157
221.875,20.3219,19.6589,20.2687,9.29671,0.0187725,0.00910255,18.2811,0.0106166,0.000315444,0.0120516,3.1355
222.5,20.3224,19.6638,20.2709,9.29792,0.0186989,0.00909278,18.2802,0.0106492,0.000276135,0.0121048,3.1355
223.125,20.3228,19.6684,20.2732,9.29876,0.018643,0.0090841,18.2789,0.0106871,0.000238483,0.0121571,3.1549
223.75,20.3233,19.6729,20.2756,9.2993,0.0186104,0.0090841,18.2786,0.0107335,0.000203716,0.0122128,3.1740
224.375,20.3238,19.6772,20.278,9.29964,0.0185996,0.00910117,18.2807,0.0107883,0.000169727,0.0122604,3.1740
225,20.3243,19.6812,20.2806,9.29991,0.0185882,0.00913153,18.2842,0.0108537,0.000137654,0.0122648,3.1927
225.625,20.3248,19.685,20.2833,9.30027,0.0185274,0.00914921,18.2843,0.0109305,0.000107741,0.0121984,3.1927
226.25,20.3253,19.6884,20.286,9.30072,0.0183766,0.00912569,18.275,0.0110191,8.09936e-05,0.0120811,3.2111
226.875,20.3258,19.6915,20.2888,9.30117,0.0181526,0.00906546,18.2557,0.011117,5.56777e-05,0.0119622,3.2111
227.5,20.3263,19.6943,20.2917,9.30153,0.0179262,0.00900486,18.2314,0.011225,3.34883e-05,0.0118807,3.2111
228.125,20.3268,19.6966,20.2946,9.30178,0.0177706,0.00897632,18.2086,0.0113444,1.63042e-05,0.0118495,3.2111
228.75,20.3273,19.6986,20.2976,9.30191,0.0177267,0.00899109,18.1921,0.0114741,3.08391e-06,0.0118704,3.2111
229.375,20.3278,19.7003,20.3006,9.30188,0.0177919,0.00904211,18.1833,0.0116202,0,0.0119036,3.2292
230,20.3283,19.7019,20.3037,9.30151,0.0179123,0.00909613,18.1794,0.0117759,0,0.0119004,3.2292
230.625,20.3288,19.7036,20.3068,9.30055,0.0180048,0.00910572,18.1731,0.0119379,0,0.0118499,3.2292
231.25,20.3294,19.7054,20.3099,9.29869,0.0180123,0.00904496,18.1592,0.0121058,0,0.0117696,3.2111
231.875,20.3299,19.7074,20.3131,9.29584,0.0179319,0.00892426,18.1367,0.0122789,0,0.0116813,3.2111
232.5,20.3304,19.7097,20.3162,9.29222,0.0177972,0.00877412,18.1075,0.0124562,0,0.0116011,3.2111
233.125,20.3309,19.7122,20.3194,9.28834,0.0176505,0.00862483,18.0733,0.0126368,0,0.0115371,3.2111
233.75,20.3314,19.715,20.3226,9.28482,0.0175246,0.00849631,18.0363,0.01282,0,0.0114901,3.2111
234.375,20.3319,19.7179,20.3259,9.28227,0.0174354,0.00839664,17.9982,0.0130052,0,0.0114562,3.1927
235,20.3325,19.721,20.3291,9.28101,0.0173842,0.00832445,17.9604,0.0131915,0,0.0114306,3.1927
235.625,20.333,19.724,20.3323,9.28111,0.0173622,0.0082729,17.9241,0.0133784,0,0.0114086,3.1927
236.25,20.3335,19.7268,20.3356,9.28238,0.0173578,0.00823419,17.8899,0.0135646,0,0.011388,3.1740
236.875,20.334,19.7292,20.3388,9.28448,0.0173616,0.00820316,17.8583,0.0137492,0,0.0113693,3.1740
237.5,20.3345,19.7312,20.342,9.28699,0.0173705,0.00817896,17.8298,0.0139306,0,0.0113545,3.1740
238.125,20.3351,19.7329,20.3453,9.28954,0.0173867,0.00816307,17.8058,0.0141071,0,0.0113455,3.1549
238.75,20.3356,19.7345,20.3485,9.29178,0.0174144,0.00815814,17.787,0.0142768,0,0.0113418,3.1549
239.375,20.3361,19.7359,20.3517,9.29349,0.0174563,0.00816388,17.7743,0.0144378,0,0.0113414,3.1355
240,20.3366,19.7372,20.3549,9.29455,0.0175109,0.00817669,17.7674,0.0145882,0,0.0113413,3.1355
240.625,20.3372,19.7385,20.3581,9.29494,0.017574,0.00819145,17.7655,0.0147266,0,0.0113404,3.1157
241.25,20.3377,19.7399,20.3612,9.29478,0.0176403,0.00820489,17.7674,0.0148518,0,0.0113386,3.1157
241.875,20.3382,19.7415,20.3644,9.29428,0.0177091,0.00822062,17.7727,0.014963,0,0.011336,3.1157
242.5,20.3387,19.7432,20.3675,9.29371,0.0177704,0.0082343,17.778,0.0150601,0,0.0113319,3.0955
243.125,20.3393,19.7452,20.3705,9.29334,0.0178209,0.00824913,17.7829,0.0151429,0,0.0113242,3.0955
243.75,20.3398,19.7475,20.3735,9.29337,0.0178583,0.00826783,17.7877,0.015212,0,0.0113109,3.0750
244.375,20.3403,19.75,20.3765,9.29387,0.0178817,0.00829178,17.7935,0.0152684,0,0.0112909,3.0750
245,20.3408,19.7526,20.3794,9.29476,0.0178929,0.00832047,17.8015,0.0153127,0,0.0112664,3.8975
245.625,20.3414,19.7553,20.3822,9.29588,0.0178962,0.00835254,17.8127,0.0153457,0,0.011242,3.9275
246.25,20.3419,19.758,20.3849,9.29706,0.017898,0.00838717,17.8271,0.0153677,0,0.0112234,3.9425
246.875,20.3424,19.7607,20.3875,9.29818,0.0179041,0.00842471,17.8442,0.0153791,0,0.0112144,3.9475
247.5,20.343,19.7636,20.39,9.29919,0.0179168,0.00846604,17.8627,0.0153796,0,0.0112144,3.9575
248.125,20.3435,19.7668,20.3924,9.30014,0.0179332,0.00851214,17.8811,0.0153683,0,0.0112175,3.9625
248.75,20.344,19.7701,20.3947,9.30108,0.0179456,0.00856175,17.8983,0.0153438,0,0.0112153,3.9625
249.375,20.3445,19.7736,20.3968,9.30207,0.0179451,0.00861224,17.9139,0.015304,0,0.0112014,3.9675
250,20.3451,19.7772,20.3988,9.30309,0.0179262,0.00866124,17.9281,0.0152467,0,0.011175,3.9725
250.625,20.3456,19.7807,20.4006,9.30403,0.0178905,0.00870795,17.9422,0.01517,0,0.0111418,3.9725
251.25,20.3461,19.7841,20.4022,9.30482,0.017847,0.00875329,17.9575,0.015073,0,0.0111108,3.9725
251.875,20.3467,19.7874,20.4035,9.30538,0.0178078,0.00880018,17.9746,0.0149554,0,0.0110896,3.9775
252.5,20.3472,19.7907,20.4047,9.30575,0.017782,0.00885158,17.9928,0.0148176,0,0.0110798,3.9775
253.125,20.3477,19.7941,20.4055,9.306,0.0177713,0.00890834,18.0106,0.0146598,0,0.0110766,3.9775
253.75,20.3482,19.7975,20.406,9.3063,0.0177699,0.00896879,18.0269,0.0144823,0,0.0110714,3.9775
254.375,20.3488,19.801,20.4061,9.30673,0.0177678,0.00902915,18.0406,0.014285,0,0.0110565,3.9775
255,20.3493,19.8045,20.4058,9.30732,0.0177569,0.00908551,18.0523,0.0140689,0,0.0110305,3.9775
255.625,20.3498,19.8076,20.4052,9.30799,0.0177379,0.00913743,18.0631,0.0138337,0,0.0109986,3.9775
256.25,20.3504,19.8105,20.4041,9.30863,0.0177163,0.00918443,18.0743,0.0135805,0,0.0109696,3.9825
256.875,20.3509,19.8131,20.4026,9.30914,0.0177008,0.00922763,18.0861,0.0133103,0,0.010951,3.9825
257.5,20.3514,19.8157,20.4008,9.30949,0.0176986,0.00926968,18.098,0.0130238,0,0.0109442,3.9825
258.125,20.3519,19.8182,20.3986,9.30975,0.0177097,0.00931135,18.1089,0.0127218,0,0.0109435,3.9825
258.75,20.3525,19.8207,20.3962,9.31005,0.0177262,0.00935135,18.1175,0.012405,0,0.0109391,3.9825
259.375,20.353,19.8232,20.3935,9.31048,0.0177366,0.00938652,18.1232,0.012077,3.60161e-06,0.0109233,3.9825
260,20.3535,19.8253,20.3907,9.31108,0.0177329,0.00941421,18.1264,0.0117354,7.78644e-06,0.0108948,3.9825
260.625,20.354,19.8271,20.3878,9.31179,0.0177153,0.00943379,18.1283,0.0113806,1.2252e-05,0.01086,3.9825
261.25,20.3546,19.8282,20.3849,9.31251,0.0176928,0.00944676,18.1305,0.0110132,1.69163e-05,0.0108286,3.9825
261.875,20.3551,19.829,20.3819,9.31315,0.0176776,0.00945558,18.1335,0.0106344,2.17181e-05,0.0108084,3.9825
262.5,20.3556,19.8294,20.379,9.3137,0.0176781,0.00946205,18.1371,0.0102446,2.66077e-05,0.0108015,3.9825
263.125,20.3561,19.8298,20.3762,9.3142,0.0176948,0.00946632,18.1399,0.00985249,3.99971e-05,0.0108036,3.9825
263.75,20.3567,19.83,20.3734,9.31477,0.0177202,0.00946687,18.1402,0.00945226,5.62694e-05,0.0108053,3.9825
264.375,20.3572,19.83,20.3707,9.31549,0.0177427,0.00946112,18.1372,0.00904135,7.34832e-05,0.0107984,3.9825
265,20.3577,19.8296,20.3682,9.31641,0.0177537,0.00944685,18.1312,0.00861916,9.17834e-05,0.0107805,3.9825
265.625,20.3582,19.8288,20.3658,9.31747,0.0177523,0.00942332,18.1233,0.00820529,0.0001312,0.0107562,3.9825
266.25,20.3587,19.8274,20.3635,9.31856,0.0177454,0.00939153,18.1152,0.00778116,0.000173276,0.0107338,3.9825
266.875,20.3593,19.8255,20.3614,9.31957,0.0177437,0.00935342,18.1076,0.00735438,0.00022553,0.0107211,3.9825
267.5,20.3598,19.8235,20.3595,9.32042,0.0177555,0.00931075,18.1004,0.00693596,0.000299048,0.010722,3.9825
268.125,20.3603,19.8215,20.3578,9.32117,0.0177826,0.00926432,18.0923,0.00651724,0.000385416,0.0107336,3.9825
268.75,20.3608,19.8194,20.3563,9.3219,0.0178193,0.00921379,18.0821,0.00610606,0.000493144,0.0107481,3.9825
269.375,20.3613,19.8173,20.355,9.32275,0.0178554,0.00915808,18.0687,0.00570943,0.000629896,0.0107568,3.9825
270,20.3618,19.8151,20.3539,9.32379,0.0178819,0.00909588,18.0521,0.00532162,0.000790698,0.0107559,3.9825
270.625,20.3623,19.8126,20.353,9.32498,0.0178971,0.00902748,18.0335,0.00494706,0.000980453,0.0107477,3.9825
271.25,20.3628,19.8097,20.3523,9.32625,0.0179084,0.0089563,18.0154,0.00458811,0.00120096,0.0107395,3.9825
271.875,20.3633,19.8068,20.352,9.32748,0.0179212,0.00887945,17.9977,0.00424497,0.00145134,0.0107392,3.9775
272.5,20.3638,19.8039,20.3518,9.32859,0.0179444,0.00879822,17.9804,0.00391539,0.00172821,0.0107517,3.9775
273.125,20.3643,19.8012,20.352,9.32959,0.0179815,0.00871356,17.9623,0.00360379,0.00203469,0.0107756,3.9775
273.75,20.3648,19.7988,20.3524,9.33057,0.0180293,0.00862553,17.9419,0.00329916,0.00235783,0.0108046,3.9775
274.375,20.3653,19.7965,20.3532,9.33163,0.0180793,0.00853341,17.9181,0.00300053,0.00269392,0.0108304,3.9775
275,20.3658,19.7943,20.3542,9.33287,0.0181227,0.00843598,17.8903,0.00270026,0.00303136,0.0108478,3.9775
275.625,20.3663,19.7919,20.3555,9.33428,0.0181554,0.00833239,17.8595,0.00239377,0.00336123,0.0108577,3.9775
276.25,20.3668,19.7893,20.3571,9.33578,0.0181804,0.00822249,17.827,0.00207614,0.0036745,0.0108661,3.9775
276.875,20.3673,19.7866,20.359,9.33725,0.018206,0.00810691,17.7938,0.00172681,0.00394677,0.0108806,3.9775
277.5,20.3678,19.7839,20.3612,9.3386,0.0182412,0.00798692,17.7601,0.00136693,0.00419346,0.0109062,3.9775
278.125,20.3682,19.7816,20.3637,9.33983,0.0182904,0.0078635,17.725,0.000966056,0.00438185,0.0109429,3.9775
278.75,20.3687,19.7796,20.3664,9.34098,0.0183515,0.00773693,17.6868,0.000557581,0.0045414,0.0109852,3.9775
279.375,20.3692,19.7779,20.3694,9.3422,0.0184162,0.00760692,17.6439,0.000192994,0.00472265,0.0110253,3.9775
280,20.3697,19.7764,20.3726,9.34356,0.0184755,0.00747299,17.5957,8.44092e-06,0.00506178,0.0110578,3.9775
280.625,20.3702,19.7749,20.3759,9.34511,0.0185248,0.00733519,17.5429,0,0.00555138,0.0110828,3.9775
281.25,20.3707,19.7734,20.3794,9.3468,0.0185666,0.00719467,17.4871,0,0.00601972,0.0111048,3.9775
281.875,20.3711,19.7717,20.383,9.34853,0.0186133,0.00705739,17.4321,0,0.00645987,0.0111307,3.9775
282.5,20.3716,19.7701,20.3866,9.35019,0.0186682,0.00691917,17.3765,0,0.00687684,0.0111652,3.9775
283.125,20.3721,19.7687,20.3902,9.35175,0.0187355,0.00678086,17.3199,0,0.00727211,0.0112086,3.9775
283.75,20.3725,19.7676,20.3937,9.35324,0.0188127,0.00664277,17.2609,0,0.0076442,0.0112562,3.9725
284.375,20.373,19.7666,20.397,9.35475,0.0188916,0.00650505,17.1978,0,0.00799401,0.0113015,3.9725
285,20.3735,19.7658,20.4002,9.35638,0.0189627,0.00636833,17.1299,0,0.00832468,0.0113396,3.9725
285.625,20.3739,19.7654,20.4032,9.3582,0.0190219,0.00623449,17.0584,0,0.00863647,0.0113698,3.9725
286.25,20.3744,19.765,20.4059,9.36016,0.0190805,0.00611478,16.9912,0,0.00892812,0.011396,3.9725
286.875,20.3749,19.7646,20.4084,9.36217,0.0191838,0.00604881,16.9537,0,0.00919813,0.0114235,3.9725
287.5,20.3753,19.7646,20.4107,9.36412,0.0193481,0.00604553,16.9543,0,0.00944448,0.0114555,3.9725
288.125,20.3758,19.7653,20.4129,9.36592,0.0195096,0.00603734,16.9545,0,0.00966549,0.0114922,3.9725
288.75,20.3762,19.7671,20.4148,9.36755,0.0196659,0.00602398,16.9532,0,0.00986022,0.0115308,3.9725
289.375,20.3767,19.7706,20.4167,9.36906,0.0198122,0.00600815,16.9498,0,0.010028,0.0115666,3.9675
290,20.3771,19.775,20.4183,9.37053,0.0199441,0.005994,16.9454,0,0.0101686,0.0115958,3.9675
290.625,20.3776,19.7796,20.4199,9.37206,0.0200598,0.00598558,16.9418,0,0.0102829,0.0116174,3.9675
291.25,20.378,19.7841,20.4214,9.37366,0.0201613,0.00598492,16.941,0,0.0103711,0.0116333,3.9675
291.875,20.3785,19.7885,20.4228,9.37528,0.0202532,0.00599083,16.9443,0,0.0104335,0.0116459,3.9625
292.5,20.3789,19.7931,20.4241,9.37683,0.020339,0.00600066,16.9511,0,0.0104711,0.0116548,3.9575
293.125,20.3793,19.7975,20.4253,9.37819,0.0204184,0.00601015,16.9605,0,0.0104856,0.0116554,3.9425
293.75,20.3798,19.8017,20.4265,9.37928,0.020487,0.0060158,16.971,0,0.010479,0.0116432,3.9175
294.375,20.3802,19.8055,20.4276,9.38007,0.0205427,0.00601734,16.9811,0,0.0104542,0.0116245,3.8975
295,20.3806,19.8089,20.4287,9.38059,0.0205961,0.00602073,16.9914,0,0.0104131,0.0116241,3.8875
295.625,20.3811,19.8118,20.4296,9.38096,0.0206709,0.00603875,17.005,0,0.0103552,0.0116692,3.8775
296.25,20.3815,19.8145,20.4306,9.38135,0.0207826,0.00608592,17.0271,0,0.0102786,0.0117331,3.8675
296.875,20.3819,19.8171,20.4314,9.38199,0.0209015,0.00617126,17.0643,0,0.0101818,0.0116968,3.8575
297.5,20.3823,19.8197,20.4322,9.38286,0.020929,0.00627607,17.1158,0,0.0100658,0.0114568,3.8475
298.125,20.3828,19.8224,20.4329,9.38351,0.0207296,0.00631711,17.1491,0,0.00993346,0.0110327,3.8375
298.75,20.3832,19.8252,20.4334,9.38314,0.0203331,0.0062855,17.1553,0,0.0097879,0.0107509,3.8325
299.375,20.3836,19.8282,20.4339,9.38153,0.0199669,0.00630384,17.1778,0,0.00963222,0.0105941,3.8225
300,20.3841,19.8312,20.4342,9.37924,0.0197162,0.00637859,17.21,0,0.00946912,0.0104365,3.8125
