time_s,T010_K,draft010,T109_K,draft109,T170_K,draft170,T275_K
0.0,293.14996,0.0,293.15005,0.0,293.15002,0.0,293.14996
0.375,293.17227,0.0,293.15005,0.0,293.15002,0.003346939,293.14996
0.75,293.1944,0.0,293.15005,0.0,293.15002,0.074840814,293.14996
1.125,293.21603,0.0,293.15005,0.0,293.15002,0.12806122,293.14996
1.5,293.2369,0.0,293.15005,0.0,293.15002,0.17580003,293.14996
1.875,293.25662,0.0,293.15005,0.10937142,293.15002,0.21745718,293.14996
2.25,293.2747,0.0,293.15005,0.183,293.15002,0.2608286,293.14996
2.625,293.29065,0.0,293.15005,0.2477633,293.15002,0.29514697,293.14996
3.0,293.304,0.0,293.15005,0.31811023,293.15002,0.33480006,293.14996
3.375,293.31406,0.0,293.15005,0.38051024,293.15002,0.37377554,293.14996
3.75,293.32013,0.0,293.15005,0.457347,293.15002,0.41602454,293.14996
4.125,293.3214,0.0,293.15005,0.51450616,293.15002,0.45755517,293.14996
4.5,293.31738,0.25257143,293.15005,0.5754408,293.15002,0.49904087,293.14996
4.875,293.30783,0.34611836,293.15005,0.60284084,293.15002,0.5360327,293.14996
5.25,293.29398,0.39795917,293.15005,0.622747,293.15002,0.56772244,293.14996
5.625,293.27878,0.44323266,293.15005,0.63335514,293.15002,0.58960414,293.14996
6.0,293.26666,0.48870602,293.15005,0.63128984,293.15002,0.6050613,293.14996
6.375,293.26013,0.5354816,293.15005,0.6162246,293.15002,0.6162246,293.14996
6.75,293.25845,0.5897346,293.15005,0.6072858,293.15002,0.6184694,293.14996
7.125,293.25922,0.68854284,293.15012,0.6006245,293.15002,0.6072858,293.14996
7.5,293.2605,0.73591834,293.15903,0.7054205,293.15002,0.56772244,293.14996
7.875,293.26114,0.7781755,293.2488,0.9552531,293.15002,0.5360327,293.14996
8.25,293.25974,0.8190244,293.47665,0.986894,293.15002,0.5173715,293.14996
8.625,293.2556,0.83461213,293.69882,0.98718375,293.15002,0.46350205,293.14996
9.0,293.25406,0.8087142,293.60327,0.9839062,293.15002,0.38914287,293.14996
9.375,293.2726,0.78069794,293.33655,0.9987755,293.15002,0.6302694,293.14996
9.75,293.29175,0.8609183,293.23465,0.99957144,293.15005,0.89588994,293.14996
10.125,293.26453,0.959,293.24747,1.0,293.22705,0.8917348,293.14996
10.5,293.23068,1.0,293.16272,1.0,293.44083,0.86374694,293.14996
10.875,293.2075,1.0,293.19012,0.99721634,293.48257,0.85012656,293.14996
11.25,293.18933,0.99968165,293.3427,0.9758613,293.47308,0.8328409,293.14996
11.625,293.17487,0.99914277,293.42227,0.99857146,293.35382,0.8271265,293.14996
12.0,293.166,0.9972816,293.3244,0.9957184,293.37405,0.81484085,293.14996
12.375,293.1633,0.9974285,293.29825,1.0,293.4081,0.84056735,293.14996
12.75,293.16327,0.9971306,293.27887,0.9648572,293.4027,0.8770408,293.14996
13.125,293.16635,0.9963143,293.26602,0.9363021,293.41745,0.83380824,293.14996
13.5,293.16922,0.9969101,293.26257,0.95727766,293.36633,0.8541184,293.14996
13.875,293.16925,0.9978448,293.28683,1.0,293.33713,0.88839185,293.14996
14.25,293.18192,0.9934286,293.32477,1.0,293.27298,0.9242613,293.14996
14.625,293.1906,0.9972816,293.37057,1.0,293.25528,0.96791834,293.14996
15.0,293.194,0.99832237,293.37668,1.0,293.2901,1.0,293.15012
15.375,293.20404,0.98717135,293.347,1.0,293.284,1.0,293.1852
15.75,293.21255,0.98718363,293.31085,1.0,293.28418,1.0,293.27765
16.125,293.20386,1.0,293.28784,0.9644042,293.3154,1.0,293.32895
16.5,293.19907,1.0,293.27542,0.94967353,293.35507,1.0,293.31686
16.875,293.20245,0.9861672,293.28983,0.9345674,293.35532,1.0,293.2684
17.25,293.20886,0.9827958,293.31573,0.93040425,293.33954,0.96938777,293.2543
17.625,293.2113,0.98151433,293.32068,0.91955113,293.33435,0.9477347,293.26303
18.0,293.21,0.9686366,293.3133,0.912498,293.36078,0.9382694,293.2779
18.375,293.2048,0.9586571,293.3098,0.9007755,293.3709,0.90869796,293.2808
18.75,293.2209,0.97244483,293.31543,0.8935999,293.3413,0.89026934,293.2867
19.125,293.25266,0.99968165,293.32297,0.9006082,293.3366,0.9051755,293.2823
19.5,293.26495,0.969253,293.3119,0.90413064,293.3082,0.8010368,293.3127
19.875,293.27823,0.8825592,293.3095,0.9124858,293.2854,0.8008898,293.33362
20.25,293.3301,1.0,293.30927,0.9165879,293.2623,0.85594696,293.32626
20.625,293.43756,0.9491713,293.30853,0.92863685,293.2534,0.8652409,293.3308
21.0,293.43683,0.9459264,293.29965,0.94382036,293.24792,0.84374696,293.30682
21.375,293.48514,0.98718363,293.2852,1.0,293.247,0.8314164,293.29178
21.75,293.4231,0.9928694,293.2836,1.0,293.2305,0.8079552,293.28278
22.125,293.43927,1.0,293.28278,1.0,293.22903,0.83771425,293.27997
22.5,293.38083,1.0,293.28473,0.97304493,293.22778,0.8498368,293.27853
22.875,293.36624,0.9786856,293.28085,0.8972,293.22324,0.8986981,293.2707
23.25,293.3567,0.9292122,293.28217,0.83625716,293.2298,0.9987755,293.27692
23.625,293.3495,0.92045707,293.3313,0.7643837,293.24667,1.0,293.2751
24.0,293.33612,0.94526523,293.3162,0.714898,293.2859,1.0,293.28424
24.375,293.3108,0.9693795,293.31012,0.7153062,293.34344,1.0,293.2899
24.75,293.27444,0.95620394,293.3099,0.76377153,293.39395,1.0,293.29712
25.125,293.25266,0.9674121,293.3224,0.9417021,293.40686,1.0,293.28125
25.5,293.2353,0.98025703,293.37302,0.9786858,293.3788,1.0,293.297
25.875,293.2389,0.98025703,293.37024,0.9957184,293.34665,1.0,293.3166
26.25,293.24838,0.97742033,293.3209,1.0,293.34485,1.0,293.34628
26.625,293.25443,0.97738767,293.30972,1.0,293.43164,0.9247593,293.44
27.0,293.25082,0.97461635,293.30444,1.0,293.4338,0.8988246,293.4004
27.375,293.25793,0.9748367,293.3043,1.0,293.40628,0.8919307,293.36597
27.75,293.28687,0.9831387,293.31088,1.0,293.37997,0.8672857,293.37415
28.125,293.30692,0.9760162,293.311,0.9475429,293.36157,0.8750245,293.3973
28.5,293.31927,0.98045707,293.3071,0.90255105,293.35632,0.8958857,293.43802
28.875,293.33658,0.9692449,293.3112,0.8899429,293.35153,1.0,293.46527
29.25,293.37485,0.9592449,293.31906,0.89044905,293.34158,1.0,293.49588
29.625,293.41528,0.9392734,293.3154,0.8967511,293.31683,1.0,293.45285
30.0,293.48743,0.99518776,293.3149,0.8966735,293.30893,1.0,293.44812
30.375,293.5072,0.96762455,293.3195,0.9096123,293.29898,1.0,293.4397
30.75,293.433,0.9658856,293.31888,0.9227838,293.2904,1.0,293.39963
31.125,293.4092,0.96559584,293.3163,1.0,293.30353,1.0,293.3808
31.5,293.5331,0.978653,293.31824,0.9998531,293.31573,1.0,293.34088
31.875,293.58447,0.96904486,293.32996,0.99922454,293.3019,0.8214695,293.31332
32.25,293.47015,0.95622444,293.34354,1.0,293.28986,0.8141348,293.34106
32.625,293.45728,0.9991673,293.3454,0.94390625,293.28296,0.818898,293.33826
33.0,293.49164,0.9998163,293.34882,0.89919996,293.281,0.8241756,293.32098
33.375,293.55023,0.9998163,293.3343,0.8846164,293.28482,0.82841235,293.328
33.75,293.4976,0.976853,293.33936,0.88904905,293.30325,0.8274205,293.29807
34.125,293.59613,0.9999959,293.34793,0.9161674,293.29083,0.8257674,293.33157
34.5,293.5588,1.0,293.357,0.99957144,293.3033,0.82942456,293.32593
34.875,293.5243,0.98597944,293.3247,1.0,293.33292,0.82677555,293.33722
35.25,293.4423,0.9730407,293.37598,1.0,293.33713,0.8218041,293.333
35.625,293.37085,0.9674121,293.38394,1.0,293.34518,0.8111021,293.3592
36.0,293.3735,1.0,293.40826,1.0,293.4054,0.7991429,293.37772
36.375,293.34293,1.0,293.37512,1.0,293.38693,0.79108983,293.33737
36.75,293.32443,1.0,293.3439,1.0,293.42624,0.77826536,293.35233
37.125,293.31256,1.0,293.3533,1.0,293.3504,0.7652532,293.5326
37.5,293.30444,1.0,293.35468,1.0,293.34332,0.7743756,293.48685
37.875,293.30057,1.0,293.35486,1.0,293.3376,0.7793267,293.48846
38.25,293.3031,1.0,293.35254,1.0,293.32846,0.7881837,293.4235
38.625,293.30795,1.0,293.35126,1.0,293.33954,0.80874705,293.38837
39.0,293.31345,1.0,293.34845,1.0,293.35403,0.80176747,293.4313
39.375,293.3181,1.0,293.35358,1.0,293.3542,0.827898,293.40085
39.75,293.3188,1.0,293.3623,0.9997756,293.35413,1.0,293.46356
40.125,293.31705,0.99259996,293.36813,0.9998531,293.3516,1.0,293.48886
40.5,293.31723,1.0,293.3709,0.99944496,293.3484,1.0,293.44455
40.875,293.3273,1.0,293.37122,1.0,293.34552,1.0,293.39462
41.25,293.3589,0.9725141,293.36423,0.9733103,293.34616,1.0,293.4402
41.625,293.38052,0.9832367,293.35614,0.9290409,293.3623,1.0,293.48
42.0,293.40427,0.9805714,293.35306,0.92192674,293.36624,1.0,293.48795
42.375,293.46057,0.9697836,293.36023,0.9204123,293.34387,1.0,293.49997
42.75,293.4894,0.9734285,293.35925,0.94008577,293.33273,1.0,293.48993
43.125,293.5367,1.0,293.3534,0.94937557,293.33136,1.0,293.447
43.5,293.51123,0.9774082,293.3484,0.99665314,293.33136,1.0,293.42377
43.875,293.49588,0.9650571,293.34473,0.99810207,293.33505,0.9725022,293.41013
44.25,293.63962,0.97795916,293.33768,1.0,293.341,0.9223633,293.3973
44.625,293.69135,0.9782898,293.3332,1.0,293.34485,0.89275515,293.39435
45.0,293.63693,1.0,293.33313,1.0,293.34485,0.8786286,293.389
45.375,293.5985,0.9995714,293.33224,0.99998784,293.3485,0.86745316,293.39233
45.75,293.5168,0.97513866,293.34143,0.9988735,293.34872,0.85962456,293.39627
46.125,293.574,0.9799999,293.34628,1.0,293.3327,0.85247356,293.41135
46.5,293.60098,0.9720327,293.3679,1.0,293.32965,0.83651835,293.4174
46.875,293.57785,0.97685707,293.34497,1.0,293.3834,0.794898,293.382
47.25,293.56992,0.98424894,293.3517,1.0,293.40015,0.76417154,293.3675
47.625,293.61948,0.9761958,293.3568,0.99914294,293.421,0.81040007,293.35046
48.0,293.61166,0.98933053,293.3941,1.0,293.4061,0.8445593,293.37262
48.375,293.57977,0.9838488,293.414,1.0,293.38687,0.8611307,293.36154
48.75,293.5999,1.0,293.39777,1.0,293.40546,0.85810214,293.3685
49.125,293.57996,0.9887592,293.42868,0.99995923,293.36578,0.8625634,293.36902
49.5,293.57965,0.96372235,293.4045,0.99981636,293.34686,0.86586124,293.37677
49.875,293.60605,0.94993055,293.40152,0.99997556,293.35693,0.85998374,293.4014
50.25,293.61877,1.0,293.39536,0.9999143,293.34143,0.847845,293.36044
50.625,293.52673,0.9859591,293.37097,1.0,293.3717,0.82771426,293.3781
51.0,293.53403,0.9364448,293.35156,1.0,293.37497,0.8220939,293.38644
51.375,293.51578,0.9211672,293.384,1.0,293.3412,0.82805717,293.3929
51.75,293.54337,1.0,293.3725,0.9993021,293.35327,0.82771426,293.40073
52.125,293.47925,0.99977547,293.35464,0.9995102,293.3689,0.8225593,293.38416
52.5,293.50638,0.99980813,293.34875,0.9997756,293.35245,0.81582457,293.35825
52.875,293.48383,1.0,293.3576,1.0,293.36414,0.81398773,293.38168
53.25,293.4929,0.9999592,293.3591,1.0,293.3721,0.80643684,293.39917
53.625,293.48764,0.9879101,293.35507,1.0,293.3885,0.7973429,293.38855
54.0,293.492,0.9842652,293.36703,0.9996286,293.36874,0.79615515,293.34702
54.375,293.5057,0.97782445,293.37015,1.0,293.36053,0.7988328,293.35925
54.75,293.53592,0.9672285,293.36624,0.99993885,293.3588,0.8024328,293.3623
55.125,293.54944,0.9861835,293.36023,0.99957144,293.36142,0.81046134,293.3615
55.5,293.5581,0.99431413,293.3524,1.0,293.35916,0.8201225,293.37924
55.875,293.5803,0.9833837,293.34863,1.0,293.34094,0.8250817,293.38727
56.25,293.61307,0.9672734,293.34576,1.0,293.33633,0.82880414,293.39536
56.625,293.64935,0.9587673,293.3455,0.9998858,293.33957,0.826845,293.40536
57.0,293.70642,0.99859583,293.3467,0.9988735,293.34384,0.8260001,293.37378
57.375,293.66943,0.99920404,293.35068,0.9979756,293.34265,0.8252001,293.37082
57.75,293.55045,1.0,293.35162,1.0,293.34363,0.82722455,293.37402
58.125,293.58322,0.9834081,293.34897,1.0,293.36328,0.8249715,293.3807
58.5,293.67987,0.96715915,293.34985,0.99973065,293.35953,0.82045317,293.3763
58.875,293.67188,0.95936316,293.36725,0.9983429,293.35803,0.813645,293.3743
59.25,293.6528,0.9544285,293.3832,0.997845,293.3645,0.8159183,293.3705
59.625,293.70816,0.94651407,293.38718,1.0,293.37094,0.8230612,293.36108
60.0,293.7834,0.92855096,293.38318,1.0,293.37845,0.83938384,293.35687
60.375,293.81955,0.92517954,293.37772,1.0,293.3777,0.8444328,293.3625
60.75,293.85516,0.94177544,293.3746,1.0,293.36905,0.8466326,293.3759
61.125,293.90195,0.9567142,293.37332,0.9998531,293.3631,0.8441225,293.37958
61.5,293.85568,0.9566121,293.37177,0.9987755,293.36404,0.84381235,293.37677
61.875,293.69757,0.9518408,293.37103,0.9980613,293.36014,0.84381235,293.3861
62.25,293.6549,0.94437134,293.37195,0.99751025,293.3579,0.8416,293.37256
62.625,293.84982,0.9372449,293.37292,0.99652654,293.35733,0.84058785,293.37396
63.0,294.08813,0.9454367,293.37582,0.99571437,293.3547,0.8413388,293.37192
63.375,294.05038,0.93332654,293.38272,1.0,293.36053,0.83966136,293.36603
63.75,293.9502,0.9662448,293.3848,1.0,293.36377,0.83991843,293.36005
64.125,293.83588,0.93968153,293.37674,1.0,293.3679,0.8384287,293.3608
64.5,293.85016,0.96585697,293.37476,0.99771017,293.37418,0.8388858,293.3607
64.875,293.6898,1.0,293.37622,0.99681634,293.3691,0.84122854,293.36615
65.25,293.7586,0.97980404,293.3738,0.99665314,293.36322,0.8408613,293.37567
65.625,293.9614,0.9771877,293.37314,0.9964857,293.3552,0.8450777,293.37003
66.0,293.92764,0.997449,293.48404,0.9964857,293.35434,0.84415525,293.36563
66.375,293.80704,0.99962854,293.4336,0.99631435,293.3804,0.84391034,293.36115
66.75,293.73703,0.9998163,293.399,0.9959593,293.44705,0.84234697,293.35825
67.125,293.86667,0.99962854,293.4006,0.9957755,293.3985,0.83724904,293.36032
67.5,293.99188,0.9895591,293.40643,0.9959593,293.37323,0.8362,293.41888
67.875,293.9112,0.9842897,293.39813,0.9957755,293.3805,0.83651835,293.4802
68.25,293.84106,0.9763795,293.3949,0.99520004,293.3743,0.8345837,293.44568
68.625,293.87506,0.9789877,293.38818,1.0,293.37546,0.8345837,293.41446
69.0,293.92337,0.97062033,293.39075,0.9995102,293.38156,0.8349063,293.4229
69.375,293.90833,0.973155,293.39978,1.0,293.37897,0.8349063,293.4072
69.75,293.87524,0.9677715,293.3947,1.0,293.38834,0.8329797,293.4176
70.125,293.8878,0.9594693,293.3908,1.0,293.3861,0.8329797,293.41656
70.5,293.89124,0.95103264,293.3963,1.0,293.37698,0.8374736,293.41556
70.875,293.89267,0.9409101,293.41055,1.0,293.3749,0.8441838,293.4217
71.25,293.91275,0.94299173,293.41235,1.0,293.38055,0.8503674,293.4149
71.625,293.9484,0.93206114,293.4024,1.0,293.39474,0.8550164,293.41043
72.0,293.99832,0.9241428,293.39658,1.0,293.39383,0.857494,293.41064
72.375,294.0555,0.92209387,293.39536,0.99981636,293.38797,0.85777557,293.41718
72.75,294.0909,0.9229755,293.38998,0.9975715,293.3873,0.85969794,293.4302
73.125,294.1224,0.9431142,293.3835,0.99631435,293.38843,0.85969794,293.42245
73.5,294.11856,0.93843263,293.3822,1.0,293.3851,0.86162454,293.444
73.875,294.0464,0.93372643,293.38495,1.0,293.3798,0.85942054,293.43707
74.25,294.04742,0.95746523,293.38843,1.0,293.37396,0.8572123,293.43655
74.625,294.17807,0.9599959,293.3891,1.0,293.37085,0.8569308,293.42624
75.0,294.15454,0.95460814,293.38614,1.0,293.38196,0.85249406,293.41156
75.375,294.02,0.95709383,293.38562,0.99896735,293.385,0.85026944,293.40244
75.75,293.69333,0.9821999,293.3855,0.99742866,293.383,0.84997565,293.39944
76.125,293.83682,0.97689384,293.41946,0.99771017,293.37653,0.8538572,293.39285
76.5,294.08334,0.97171015,293.4139,0.99914294,293.38205,0.85747766,293.3874
76.875,294.26587,0.9689958,293.4033,0.9993021,293.398,0.8614001,293.38675
77.25,294.10605,0.9585591,293.4448,1.0,293.375,0.8633674,293.3801
77.625,293.94525,0.9587591,293.42438,1.0,293.3936,0.86560005,293.39426
78.0,294.04532,0.97960806,293.4047,1.0,293.407,0.8675715,293.42297
78.375,294.23843,1.0,293.4145,1.0,293.38123,0.86954707,293.4123
78.75,294.06375,0.9999959,293.40097,1.0,293.38007,0.87152666,293.44104
79.125,293.79355,0.9970041,293.38965,0.9998531,293.38272,0.87351024,293.45224
79.5,293.74695,0.9778449,293.40536,0.99973065,293.3681,0.8799511,293.43723
79.875,293.82547,0.9673427,293.45905,0.9997756,293.37576,0.8885919,293.45285
80.25,293.8163,0.9565836,293.48206,1.0,293.42755,0.8952041,293.44122
80.625,293.7744,0.94294685,293.46536,1.0,293.47388,0.9015878,293.4236
81.0,293.82132,0.9377468,293.4472,1.0,293.48456,0.9232777,293.41794
81.375,293.89175,0.94364893,293.439,1.0,293.46426,0.92127764,293.46777
81.75,293.89203,0.97131026,293.43625,1.0,293.44955,0.91728985,293.5243
82.125,293.9363,0.96887344,293.43228,1.0,293.44067,0.88726133,293.49442
82.5,293.9011,0.9844531,293.43033,1.0,293.43503,0.8703062,293.46503
82.875,293.88132,1.0,293.43005,1.0,293.42358,0.8636328,293.45563
83.25,293.8952,0.96463263,293.43112,1.0,293.40958,0.8611307,293.44467
83.625,293.95184,0.9542244,293.431,1.0,293.39877,0.86533886,293.4295
84.0,294.01367,0.94390625,293.44867,0.9998531,293.3866,0.8782001,293.4162
84.375,294.05188,0.9442204,293.4637,0.99914294,293.38342,0.8910123,293.4051
84.75,294.17392,1.0,293.4541,0.9993756,293.3986,0.9192818,293.45087
85.125,294.15637,0.9821142,293.4448,0.9995102,293.40182,0.9232777,293.45364
85.5,293.8672,0.96161216,293.43445,0.99968165,293.39432,0.9232777,293.48322
85.875,293.8744,0.9821428,293.43216,0.99973065,293.39053,0.9232777,293.4957
86.25,294.1007,0.98191416,293.4266,0.9995102,293.38895,0.9192818,293.48972
86.625,294.15933,1.0,293.43823,0.99957144,293.40726,0.9133185,293.47827
87.0,294.06848,1.0,293.42184,0.99973065,293.4377,0.9133185,293.46402
87.375,293.71115,1.0,293.47247,1.0,293.4557,0.9153021,293.44952
87.75,293.6405,0.9999387,293.4532,1.0,293.47455,0.9192818,293.44656
88.125,293.8179,1.0,293.51337,1.0,293.5219,0.9252817,293.46008
88.5,293.76715,0.9842897,293.53012,1.0,293.48322,0.933339,293.4593
88.875,293.72842,0.973653,293.47925,1.0,293.5931,0.94554704,293.47247
89.25,293.76535,0.9709061,293.4964,1.0,293.5219,0.9641348,293.46188
89.625,293.774,0.9708571,293.4985,1.0,293.49374,1.0,293.47516
90.0,293.79398,0.9787591,293.50626,1.0,293.4818,1.0,293.5022
90.375,293.8078,0.9733673,293.51126,0.99997556,293.46765,1.0,293.45032
90.75,293.82788,0.9733673,293.4957,0.99995923,293.47995,0.93200004,293.4322
91.125,293.87192,0.9623143,293.4924,0.99997556,293.47498,0.9215511,293.44467
91.5,293.92896,0.97615904,293.50574,0.99998784,293.46378,0.9304286,293.46457
91.875,293.91922,0.98406935,293.50134,1.0,293.46423,0.941645,293.48218
92.25,293.8979,0.9731387,293.4905,1.0,293.45868,0.94720423,293.4623
92.625,293.91675,0.9510695,293.48325,0.99998784,293.4495,0.9509715,293.45627
93.0,293.9601,0.94583654,293.4888,1.0,293.44165,0.95067763,293.46375
93.375,293.95242,0.9674694,293.50317,1.0,293.45233,0.9523674,293.47256
93.75,293.96344,0.97275513,293.49115,1.0,293.48392,0.9524042,293.46298
94.125,293.96463,1.0,293.48322,0.99999595,293.50592,0.93536335,293.4421
94.5,293.69635,1.0,293.49313,1.0,293.48987,0.93536335,293.44
94.875,293.7199,0.9999959,293.48868,1.0,293.4837,0.93536335,293.45764
95.25,293.70514,1.0,293.5523,1.0,293.49255,0.93536335,293.49033
95.625,293.69324,1.0,293.50897,1.0,293.50986,0.937392,293.48883
96.0,293.69547,1.0,293.48746,1.0,293.5097,0.91770214,293.49658
96.375,293.69495,0.9861427,293.49045,1.0,293.48157,0.9111143,293.49893
96.75,293.7052,0.9751305,293.49335,0.99993885,293.48093,0.915347,293.54407
97.125,293.7234,0.9669265,293.4925,0.99968165,293.48633,0.94146127,293.52734
97.5,293.74127,0.96420807,293.48715,0.99968165,293.4869,0.9435022,293.507
97.875,293.7618,0.9532776,293.48566,1.0,293.47437,0.947596,293.50504
98.25,293.79446,0.9426367,293.4824,1.0,293.4678,0.947596,293.50964
98.625,293.8419,0.9322162,293.4787,1.0,293.4707,0.9435022,293.51477
99.0,293.89154,0.9569062,293.47662,1.0,293.47443,0.94146127,293.512
99.375,293.84747,1.0,293.47482,1.0,293.47552,0.93942463,293.52652
99.75,293.70663,0.9751305,293.46887,1.0,293.47723,0.93942463,293.52472
100.125,293.79327,0.96964896,293.4628,0.99999595,293.47873,0.9238123,293.5237
100.5,293.87274,0.95579994,293.45752,1.0,293.4719,0.9276818,293.5289
100.875,293.83652,0.9790571,293.46823,1.0,293.4841,0.9558328,293.5246
101.25,293.81177,0.981098,293.47803,1.0,293.496,0.9641348,293.5347
101.625,293.89578,0.9650856,293.48206,1.0,293.49976,0.9725022,293.51797
102.0,293.94052,0.96006113,293.48666,0.99995923,293.5041,1.0,293.49304
102.375,293.94244,0.96614695,293.48608,0.99997556,293.51743,1.0,293.49792
102.75,293.9695,0.966253,293.4856,1.0,293.5234,1.0,293.50922
103.125,294.02094,0.9613673,293.4893,1.0,293.5305,1.0,293.515
103.5,294.08008,0.9743877,293.49402,0.99998784,293.53564,1.0,293.50095
103.875,294.02103,0.9691183,293.4978,1.0,293.53818,1.0,293.48608
104.25,293.9246,0.96916723,293.50452,1.0,293.5274,1.0,293.48077
104.625,293.9784,0.9769182,293.5017,0.9997756,293.5227,1.0,293.47833
105.0,294.11017,1.0,293.52332,0.99993885,293.51855,1.0,293.47644
105.375,294.08545,1.0,293.53018,1.0,293.51324,0.937392,293.4889
105.75,294.00854,1.0,293.5142,1.0,293.52847,0.93131846,293.50455
106.125,293.9151,1.0,293.51562,1.0,293.50848,0.91124904,293.49942
106.5,293.98105,0.97494686,293.52008,1.0,293.48663,0.97226536,293.50534
106.875,294.01508,0.9723346,293.53558,1.0,293.48727,0.9682898,293.52652
107.25,293.9973,0.9562734,293.5486,0.99997556,293.51443,0.96257144,293.52213
107.625,293.989,0.9669388,293.552,1.0,293.5407,0.9450776,293.5036
108.0,293.96878,0.96949786,293.54947,1.0,293.5552,0.95265317,293.49683
108.375,293.95605,0.9558449,293.55176,1.0,293.55182,1.0,293.5061
108.75,293.96002,0.95313454,293.54468,1.0,293.54855,1.0,293.52545
109.125,293.98077,0.94772243,293.5814,1.0,293.5419,1.0,293.54257
109.5,294.00638,0.94237536,293.56775,0.9998858,293.5441,1.0,293.53522
109.875,294.04623,0.9478692,293.54663,1.0,293.5769,0.95376754,293.53198
110.25,294.04126,0.9558856,293.53836,1.0,293.552,0.94554704,293.51648
110.625,294.00134,0.9502694,293.53064,1.0,293.53183,0.9435022,293.5109
111.0,293.9982,0.9393673,293.5237,1.0,293.5247,0.9173836,293.56152
111.375,294.02206,0.9311876,293.52246,1.0,293.5174,0.9106001,293.6015
111.75,294.0608,0.9369264,293.54074,0.99999595,293.51038,0.90375525,293.58246
112.125,294.08682,0.9584285,293.53824,1.0,293.5191,0.90114707,293.56192
112.5,293.98776,0.958306,293.52075,1.0,293.5345,0.90077156,293.55954
112.875,293.9424,0.9637591,293.51447,0.99957144,293.52753,0.90472656,293.56415
113.25,293.92664,0.9502163,293.51343,0.9988735,293.51422,0.9130613,293.5771
113.625,293.9319,0.93411833,293.52393,0.9985674,293.53162,0.92160827,293.5897
114.0,293.98334,0.9317592,293.5528,0.99896735,293.561,0.94925314,293.58197
114.375,293.98782,0.9348081,293.55246,1.0,293.6049,0.95597565,293.56213
114.75,293.9823,0.9564245,293.54202,1.0,293.61783,0.9693102,293.55206
115.125,293.97354,0.9613999,293.54108,1.0,293.60812,1.0,293.5364
115.5,293.94116,0.9613999,293.5456,1.0,293.58197,1.0,293.54996
115.875,293.96155,0.95861226,293.55234,1.0,293.57526,1.0,293.5609
116.25,293.99222,0.9612856,293.553,1.0,293.57352,1.0,293.5534
116.625,293.95993,0.9612285,293.56085,1.0,293.56915,1.0,293.54343
117.0,293.93365,0.9639183,293.5851,1.0,293.55774,0.9633061,293.54416
117.375,293.96722,0.9666204,293.5924,1.0,293.55774,0.881294,293.5379
117.75,294.0009,0.96381223,293.58136,1.0,293.56232,0.92389804,293.53687
118.125,294.04233,0.9477386,293.57095,1.0,293.5548,0.9486449,293.54016
118.5,294.0882,0.9343754,293.5681,1.0,293.55612,0.9524489,293.55243
118.875,294.1376,0.9185877,293.57065,1.0,293.55746,0.9638613,293.56543
119.25,294.2,0.9275428,293.57104,1.0,293.5698,1.0,293.5655
119.625,294.19604,1.0,293.56973,1.0,293.57608,1.0,293.55832
120.0,293.84097,1.0,293.57404,0.9998531,293.57275,1.0,293.55103
120.375,293.7816,1.0,293.5724,1.0,293.56717,0.98385304,293.5693
120.75,293.9649,1.0,293.57135,0.99973065,293.56064,0.9574,293.58414
121.125,293.97424,1.0,293.5854,0.99995923,293.54175,0.94081634,293.58328
121.5,293.89236,1.0,293.5953,1.0,293.54407,0.93648165,293.58426
121.875,293.90057,1.0,293.5841,1.0,293.57135,0.92127764,293.58453
122.25,293.94345,0.9837508,293.57135,1.0,293.60117,0.92728996,293.57382
122.625,293.969,0.9866284,293.57404,1.0,293.5919,0.93131846,293.57095
123.0,293.97195,0.9866898,293.58304,0.99999595,293.5834,0.89357156,293.58316
123.375,293.954,0.986302,293.57977,1.0,293.5803,0.88664496,293.57983
123.75,293.92612,0.97516716,293.57263,1.0,293.57455,0.8907143,293.57477
124.125,293.89822,0.97229797,293.5803,1.0,293.56366,0.89704496,293.57043
124.5,293.8867,0.9612938,293.6048,1.0,293.5647,0.90547764,293.57495
124.875,293.89255,0.95022434,293.60236,1.0,293.58145,0.90990216,293.57364
125.25,293.92175,0.94208574,293.59177,1.0,293.5962,0.9140409,293.60965
125.625,293.9576,0.93684894,293.58948,1.0,293.5879,0.9204123,293.6243
126.0,293.99118,0.9344285,293.58212,1.0,293.58203,0.9245714,293.6369
126.375,294.02686,0.93992233,293.57187,0.99998784,293.57864,0.92874694,293.65323
126.75,294.01553,0.94265705,293.56506,1.0,293.57043,0.92874694,293.64948
127.125,294.00894,0.9586366,293.56183,1.0,293.57816,0.9286123,293.63974
127.5,294.04007,0.96134275,293.56238,0.99993885,293.60947,0.9263798,293.62613
127.875,294.05795,0.96134275,293.5714,1.0,293.60614,0.9199592,293.61008
128.25,294.03726,0.9640775,293.58755,1.0,293.60114,0.9052653,293.59158
128.625,294.0193,0.9667673,293.59912,1.0,293.60098,0.8120572,293.58096
129.0,294.0313,0.96671826,293.60742,1.0,293.61044,0.80192655,293.57657
129.375,294.07227,0.9666693,293.6085,1.0,293.6118,0.7918164,293.57224
129.75,294.06775,0.9693795,293.61234,1.0,293.60315,0.7872735,293.56998
130.125,294.04715,0.9665223,293.62286,1.0,293.5885,0.7887143,293.57095
130.5,294.04053,0.96924084,293.62018,1.0,293.58398,0.7924491,293.57336
130.875,294.04355,0.96919596,293.62134,1.0,293.5855,0.8022451,293.57593
131.25,294.04758,0.96915513,293.63007,1.0,293.57712,0.81783265,293.5785
131.625,294.05203,0.9444001,293.63162,1.0,293.58002,0.8362,293.5894
132.0,294.06955,0.9307142,293.62784,1.0,293.58524,0.8588898,293.6163
132.375,294.10602,0.9226857,293.62143,1.0,293.58792,0.8863797,293.62122
132.75,294.08353,0.925649,293.61652,0.99995923,293.58597,0.92728996,293.61984
133.125,294.11307,0.93943256,293.60907,1.0,293.5861,0.93536335,293.6201
133.5,294.11957,0.9449998,293.603,1.0,293.5892,0.933339,293.635
133.875,294.09518,0.9556244,293.6009,1.0,293.6143,0.91728985,293.6357
134.25,294.12604,0.9582448,293.60278,1.0,293.62283,0.9133185,293.62973
134.625,294.0558,0.961,293.61218,1.0,293.62186,0.9113388,293.6198
135.0,294.00772,0.963706,293.62057,1.0,293.61807,0.9113388,293.61237
135.375,294.0202,0.9664205,293.636,1.0,293.61435,0.8914369,293.60886
135.75,294.0069,0.9692,293.653,1.0,293.62314,0.8932123,293.61133
136.125,294.0053,0.963649,293.65512,1.0,293.63757,0.8910123,293.61166
136.5,294.03958,0.928102,293.65036,1.0,293.64294,0.8934204,293.60513
136.875,294.09375,0.91484493,293.65012,1.0,293.6303,0.9093633,293.6045
137.25,294.1608,0.9182407,293.6487,1.0,293.6265,0.9034614,293.61563
137.625,294.18164,0.95601636,293.6404,1.0,293.6276,0.8975961,293.62973
138.0,293.94537,0.97238773,293.63522,1.0,293.6139,0.89370614,293.63693
138.375,293.95737,0.9668651,293.6328,0.99999595,293.59918,0.88983285,293.6399
138.75,294.12875,0.9668651,293.6303,0.99998784,293.58652,0.8840531,293.64203
139.125,294.05707,0.96959996,293.6283,1.0,293.57672,0.88597566,293.63782
139.5,294.00925,0.972306,293.6571,1.0,293.57544,0.8917675,293.62784
139.875,294.0522,0.9696041,293.6527,0.99981636,293.5925,0.90150213,293.6182
140.25,294.1368,0.9671346,293.63855,1.0,293.61185,0.9093633,293.62692
140.625,294.1414,0.9569632,293.63098,1.0,293.60464,0.9153021,293.61572
141.0,294.1571,0.97131026,293.62805,1.0,293.59802,0.91728985,293.62753
141.375,294.2401,0.98451006,293.6259,0.99957144,293.60175,0.9192818,293.63882
141.75,294.2062,0.992249,293.62244,0.9993756,293.62292,0.91728985,293.66968
142.125,294.02588,1.0,293.62076,0.99957144,293.6365,0.9153021,293.67795
142.5,293.98053,0.9834816,293.62274,0.99981636,293.63174,0.91728985,293.66418
142.875,294.09668,0.97516733,293.6278,1.0,293.62234,0.89740014,293.6575
143.25,294.13684,0.97234684,293.6392,1.0,293.63815,0.8972,293.6716
143.625,294.05206,0.97505707,293.6418,0.99995923,293.65503,0.8950001,293.67773
144.0,294.00403,0.97218364,293.65,1.0,293.65936,0.892796,293.66653
144.375,294.0498,0.972102,293.66034,1.0,293.6512,0.8908002,293.65738
144.75,294.07205,0.9720611,293.6714,1.0,293.64807,0.8888083,293.65707
145.125,294.0823,0.95308983,293.67233,1.0,293.65784,0.887041,293.6629
145.5,294.12347,0.94221216,293.67413,1.0,293.65982,0.8874817,293.66837
145.875,294.17892,0.91641635,293.67368,0.99997556,293.65814,0.90542465,293.6757
146.25,294.25134,0.9348367,293.67126,0.99998784,293.64752,0.9034614,293.68652
146.625,294.2015,0.95938355,293.66516,0.99999595,293.6368,0.9034614,293.701
147.0,294.03867,0.9565877,293.6571,1.0,293.63168,0.90150213,293.70264
147.375,294.08987,0.951253,293.65076,1.0,293.62762,0.9034614,293.68784
147.75,294.20218,0.9814734,293.6493,1.0,293.61923,0.9034614,293.67755
148.125,294.2178,0.99738765,293.65396,1.0,293.61902,0.9034614,293.68185
148.5,294.14023,0.9895591,293.6595,1.0,293.62604,0.90542465,293.69196
148.875,294.1864,0.9869387,293.661,1.0,293.62766,0.9073919,293.67776
149.25,294.17252,0.9807428,293.66434,1.0,293.6238,0.9073919,293.66672
149.625,294.17377,0.9835061,293.66605,1.0,293.62494,0.9093633,293.65427
150.0,294.17676,0.98347753,293.66608,1.0,293.64,0.9113388,293.6534
150.375,294.1786,0.9695551,293.66235,1.0,293.6525,0.9153021,293.647
150.75,294.169,0.9666652,293.6708,1.0,293.65216,0.9192818,293.63892
151.125,294.1237,0.9693755,293.68774,1.0,293.65158,0.9232777,293.6587
151.5,294.10468,0.9665182,293.69904,1.0,293.65912,0.92728996,293.6891
151.875,294.102,0.9692898,293.70172,1.0,293.6717,0.93131846,293.7093
152.25,294.10495,0.9692449,293.705,0.99993885,293.6742,0.937392,293.69977
152.625,294.10306,0.96106523,293.6978,1.0,293.66235,0.9412369,293.70685
153.0,294.1213,0.95284075,293.69083,1.0,293.6536,0.9474491,293.73264
153.375,294.13956,0.9556407,293.68008,1.0,293.66483,0.94964916,293.74478
153.75,294.15024,0.9528571,293.6772,1.0,293.68063,0.9688368,293.75217
154.125,294.1551,0.9664246,293.67456,1.0,293.68423,0.96685725,293.75565
154.5,294.0332,0.9718571,293.68198,1.0,293.68854,0.96075934,293.74518
154.875,293.96918,0.97181624,293.685,1.0,293.69464,0.95067763,293.73233
155.25,293.93036,0.96042854,293.72412,1.0,293.6948,0.9446776,293.7221
155.625,293.8973,0.9506244,293.76776,0.9998531,293.69882,0.9366082,293.70245
156.0,293.9001,0.95219177,293.74673,1.0,293.73282,0.84914297,293.68713
156.375,293.90582,0.95523256,293.74176,1.0,293.73117,0.81756335,293.678
156.75,293.96542,0.95536333,293.7365,1.0,293.70276,0.8355021,293.68286
157.125,294.0334,0.9691755,293.73068,1.0,293.69028,0.88983285,293.71957
157.5,294.01337,0.9719796,293.72705,1.0,293.65897,0.9034614,293.71555
157.875,293.98578,0.9747632,293.72076,1.0,293.6372,0.9054001,293.70386
158.25,293.9936,0.9719796,293.71375,1.0,293.62946,0.9073919,293.71487
158.625,294.0306,0.97202045,293.71362,0.99981636,293.6275,0.9073919,293.7326
159.0,294.05637,0.9692449,293.71744,0.99896735,293.6345,0.9073919,293.71915
159.375,294.05093,0.9664246,293.71094,1.0,293.65085,0.9073919,293.7112
159.75,294.0551,0.963706,293.70264,1.0,293.66357,0.90542465,293.70834
160.125,294.06027,0.92550194,293.7022,1.0,293.6759,0.9034614,293.71442
160.5,294.05917,0.9044284,293.70667,1.0,293.70978,0.90150213,293.71143
160.875,294.0975,0.95081216,293.71686,1.0,293.7206,0.8995471,293.6996
161.25,294.07568,1.0,293.725,1.0,293.7295,0.90150213,293.69562
161.625,293.85092,1.0,293.72437,1.0,293.74078,0.9034614,293.72284
162.0,293.89868,1.0,293.7176,1.0,293.74625,0.88285726,293.71423
162.375,294.00797,1.0,293.71298,1.0,293.72543,0.8797184,293.73062
162.75,293.99252,1.0,293.72073,1.0,293.69818,0.8810286,293.75217
163.125,293.96762,0.9999959,293.73276,1.0,293.6897,0.8870776,293.7664
163.5,294.01956,0.9650325,293.73544,1.0,293.69455,0.89560014,293.75482
163.875,294.08588,0.9738571,293.73407,1.0,293.68573,0.91297966,293.74304
164.25,294.16464,0.9793469,293.73312,1.0,293.68024,0.9238123,293.73892
164.625,294.17014,0.9844857,293.72562,0.9996286,293.67856,0.9435022,293.7401
165.0,294.07462,0.966253,293.72086,0.99944496,293.67667,0.94554704,293.7416
165.375,294.139,1.0,293.71967,0.9993756,293.6861,0.92790633,293.73697
165.75,294.1967,1.0,293.73212,0.99957144,293.68292,0.94964916,293.73172
166.125,294.13992,1.0,293.7605,0.99968165,293.67538,0.95376754,293.72156
166.5,294.10806,0.9779427,293.73572,1.0,293.69296,0.9558328,293.7251
166.875,294.10324,0.9778775,293.75208,1.0,293.67966,0.95997554,293.74585
167.25,294.1422,0.97505707,293.7497,1.0,293.67694,0.96205324,293.75275
167.625,294.13312,0.9722245,293.7534,1.0,293.69086,0.96205324,293.7826
168.0,294.11273,0.9749468,293.7575,1.0,293.69806,0.96205324,293.7561
168.375,294.1149,0.964061,293.75162,0.99944496,293.74707,0.95997554,293.73654
168.75,294.13943,0.95869374,293.75226,1.0,293.7525,0.95376754,293.74756
169.125,294.15454,0.95873463,293.76498,1.0,293.76678,0.94836754,293.75925
169.5,294.14838,0.95873463,293.77295,1.0,293.76782,0.92842877,293.7607
169.875,294.1578,0.95873463,293.77393,1.0,293.76273,0.9034614,293.7534
170.25,294.18152,0.953212,293.7722,1.0,293.7613,0.90150213,293.7542
170.625,294.19724,0.9232488,293.77386,1.0,293.74954,0.90150213,293.75812
171.0,294.21832,0.9206611,293.77927,1.0,293.74182,0.8995471,293.75946
171.375,294.25558,0.9370814,293.7794,0.99999595,293.74057,0.8975961,293.75876
171.75,294.3075,0.92912245,293.77707,0.99999595,293.74228,0.8975961,293.7547
172.125,294.37344,0.92144066,293.77603,1.0,293.7365,0.89370614,293.74835
172.5,294.40994,0.9139265,293.77484,1.0,293.72873,0.88790214,293.7472
172.875,294.42978,0.9093795,293.77182,1.0,293.7266,0.8840531,293.74854
173.25,294.47025,0.93181634,293.76874,1.0,293.72324,0.8821348,293.7495
173.625,294.4757,0.97729796,293.7659,0.99993885,293.71912,0.8840531,293.7505
174.0,294.463,0.9698041,293.7633,0.99973065,293.71768,0.88597566,293.7513
174.375,294.27597,0.95470613,293.759,0.99896735,293.71738,0.88790214,293.75146
174.75,294.05743,0.962653,293.75388,0.99944496,293.72153,0.8657552,293.75284
175.125,294.34702,0.9553674,293.74484,1.0,293.72647,0.86522454,293.75946
175.5,294.56995,0.9603265,293.7508,1.0,293.72937,0.862747,293.77643
175.875,294.25708,0.9724326,293.74298,1.0,293.73508,0.8624777,293.78214
176.25,294.0639,0.974755,293.7323,1.0,293.74408,0.86220825,293.7781
176.625,294.03906,0.9771877,293.728,1.0,293.74075,0.86416334,293.77042
177.0,294.2014,0.98978776,293.7428,1.0,293.7498,0.8686001,293.77322
177.375,294.24686,1.0,293.8165,1.0,293.74426,0.8727715,293.78262
177.75,294.1919,0.9948286,293.77344,1.0,293.7827,0.87670213,293.7706
178.125,294.1299,1.0,293.76532,1.0,293.8032,0.87843686,293.76434
178.5,294.17014,0.9895591,293.7659,1.0,293.7607,0.88240004,293.7589
178.875,294.20645,0.9790529,293.76544,0.9996286,293.75284,0.8885919,293.8129
179.25,294.23154,0.9684816,293.78384,0.99968165,293.74783,0.89058787,293.85864
179.625,294.24866,0.96322846,293.77887,1.0,293.7493,0.894592,293.81158
180.0,294.3217,0.96609384,293.7754,1.0,293.753,0.89660007,293.817
