t,T010_C,draft010,T109_C,draft109,T170_C,draft170,T275_C
0.0,19.99997,0.0,20.000061,0.0,20.00003,0.0,19.99997
1.5,20.087128,0.0,20.000061,0.058632653,20.00003,0.17878778,19.99997
3.0,20.153534,0.19229387,20.000061,0.22291838,20.00003,0.3924123,19.99997
4.5,20.16623,0.54743254,20.000061,0.5030858,20.00003,0.37822455,19.99997
6.0,20.111572,0.720253,20.000061,0.67122865,20.00003,0.41107762,19.99997
7.5,20.09784,0.86253875,20.305847,1.0,20.00003,0.31157145,19.99997
9.0,20.07022,0.91973865,20.099304,0.8303675,20.00003,0.39937958,19.99997
10.5,20.036865,0.9894694,20.128082,0.7367674,20.36905,0.6689919,19.99997
12.0,20.014343,0.9976285,20.101624,1.0,20.283844,1.0,19.99997
13.5,20.02597,0.9986735,20.215942,1.0,20.092682,1.0,19.99997
15.0,20.015076,0.998102,20.095856,1.0,20.21051,1.0,20.029236
16.5,20.018097,0.99667335,20.174133,1.0,20.178284,0.9722449,20.152954
18.0,20.026154,0.9975387,20.14566,1.0,20.174286,1.0,20.2005
19.5,20.064056,0.99328977,20.132782,1.0,20.101562,1.0,20.242523
21.0,20.088348,0.9925347,20.153625,1.0,20.158844,0.9302491,20.211243
22.5,20.14917,0.9985713,20.180023,1.0,20.218231,1.0,20.187561
24.0,20.237701,1.0,20.216644,1.0,20.174286,1.0,20.214874
25.5,20.262238,1.0,20.215027,0.9742368,20.200104,0.977898,20.28656
27.0,20.274872,1.0,20.228455,1.0,20.167084,1.0,20.363861
28.5,20.303345,0.9895959,20.213287,1.0,20.1846,1.0,20.31845
30.0,20.30716,0.9900244,20.222504,1.0,20.19107,0.98137563,20.379028
31.5,20.33966,1.0,20.24472,1.0,20.214264,0.97777563,20.359497
33.0,20.365723,0.9928694,20.268524,1.0,20.224304,0.9996286,20.422852
34.5,20.399261,0.9870693,20.237885,1.0,20.239777,1.0,20.378021
36.0,20.415192,0.9900244,20.249207,1.0,20.26706,0.9988735,20.394775
37.5,20.465637,0.97767335,20.233643,0.9983429,20.27414,1.0,20.493774
39.0,20.440002,0.9814,20.275421,0.99896735,20.277313,1.0,20.412231
40.5,20.47995,0.9988734,20.302612,0.9906532,20.23758,0.96001637,20.525482
42.0,20.546936,0.9941468,20.295471,0.7725919,20.291962,1.0,20.444336
43.5,20.491669,1.0,20.320007,0.7739389,20.293182,0.9975715,20.539581
45.0,20.533752,0.99151015,20.325684,0.82938784,20.309814,1.0,20.513428
46.5,20.543335,0.9785019,20.321045,0.8491797,20.292145,0.91815513,20.472046
48.0,20.569458,0.99103254,20.293488,0.7865225,20.30957,0.85965323,20.545654
49.5,20.601746,0.98030204,20.320312,0.8782858,20.332855,0.84297556,20.6203
51.0,20.635773,0.99997544,20.331238,0.89720416,20.348785,0.79957557,20.595245
52.5,20.640503,0.988457,20.363983,1.0,20.33899,0.8538817,20.55655
54.0,20.673157,0.9799387,20.38556,0.83333063,20.35025,0.9125551,20.48877
55.5,20.68045,0.9791591,20.389801,0.82506126,20.350494,0.7999675,20.634003
57.0,20.676483,0.9775837,20.382233,0.8312164,20.354065,0.8312287,20.700684
58.5,20.754822,0.9776326,20.365265,0.7924491,20.37976,0.78633064,20.677704
60.0,20.691376,0.9827918,20.406586,0.7661592,20.412048,0.76539594,20.618896
61.5,20.734344,0.985408,20.391388,0.76061225,20.383942,0.7658899,20.65915
63.0,20.753479,0.98804486,20.419464,0.7661225,20.39447,0.768,20.702942
64.5,20.76007,0.9883306,20.41571,0.7844409,20.403412,0.7601878,20.724182
66.0,20.76535,0.98017555,20.44162,0.801449,20.40738,0.74446124,20.724579
67.5,20.797668,0.98564893,20.433289,0.8121919,20.415833,0.7402736,20.741058
69.0,20.79071,0.9855591,20.443512,0.8068001,20.432434,0.7428572,20.719513
70.5,20.807251,0.9824163,20.447662,0.8010818,20.429565,0.74280417,20.770721
72.0,20.82425,0.9830286,20.457123,0.80146945,20.441742,0.7479755,20.797241
73.5,20.827942,0.98284066,20.477844,0.79270613,20.460693,0.7483878,20.762299
75.0,20.855896,0.9999592,20.47232,0.7885021,20.447449,0.7538776,20.790833
76.5,20.882751,0.9832612,20.4794,0.7885184,20.461334,0.75568587,20.825317
78.0,20.906372,0.9720775,20.47348,0.79081637,20.479004,0.75883675,20.821686
79.5,20.846405,0.98031014,20.494812,0.791898,20.490662,0.7524082,20.817413
81.0,20.84903,0.9827469,20.515167,0.79270613,20.473145,0.7552001,20.82837
82.5,20.886353,0.96396327,20.516815,0.800694,20.478882,0.7547143,20.836975
84.0,20.93045,0.98869795,20.524689,0.80001646,20.494507,0.7531918,20.85559
85.5,20.938599,0.983053,20.523407,0.7972,20.49646,0.7611348,20.859253
87.0,21.002716,0.9777183,20.549805,0.80640817,20.513702,0.75222045,20.893494
88.5,21.010864,0.98868966,20.545929,0.8096205,20.500946,0.75586134,20.897339
90.0,20.976501,0.98857945,20.546204,0.8033715,20.534424,0.75289804,20.888245
91.5,21.018158,0.9879999,20.560242,0.80146945,20.52304,0.7558245,20.957367
93.0,21.029236,0.9831387,20.564178,0.8033674,20.539307,0.7538776,20.945862
94.5,20.985962,0.99997544,20.57016,0.8091021,20.55066,0.7482818,20.927094
96.0,20.937836,0.97301626,20.5914,0.80126536,20.557098,0.7592613,20.97348
97.5,20.981293,0.9989673,20.583527,0.8037511,20.581055,0.7491511,20.987274
99.0,21.026917,1.0,20.60556,0.81854296,20.534027,0.7611348,21.029633
100.5,21.00827,1.0,20.61029,0.84196323,20.58493,0.7482818,20.956696
102.0,21.003876,0.97742856,20.64853,0.83791846,20.620697,0.75093883,20.951538
103.5,20.994263,0.9992245,20.61972,0.8202858,20.584656,0.759898,21.010254
105.0,21.072632,0.9833101,20.604767,0.8246286,20.561188,0.7744368,21.077026
106.5,21.062592,0.98434687,20.605103,0.8623633,20.580475,0.8248532,21.055786
108.0,21.006866,0.9561795,20.710022,0.864743,20.67453,0.79081637,20.993134
109.5,21.068726,0.97785294,20.676056,0.8952041,20.580353,0.8649388,21.023773
111.0,21.1333,0.98887336,20.673035,0.87501633,20.606049,0.88734704,21.09076
112.5,21.13086,0.999853,20.61261,0.9297959,20.63095,0.87381226,21.134888
114.0,21.058594,0.98568976,20.673615,0.99896735,20.716248,0.9242327,21.050842
115.5,21.111633,0.96330196,20.744995,0.98757154,20.640167,0.99665314,21.069763
117.0,21.157227,0.9806571,20.74939,0.9491511,20.62204,0.94681644,21.134583
118.5,21.139252,0.9831387,20.704926,1.0,20.694672,0.9095714,21.165802
120.0,21.097534,0.9841999,20.656464,0.99914294,20.74643,0.8582532,21.1503
121.5,21.153046,0.9883183,20.73471,0.9706817,20.686096,0.94487345,21.138245
123.0,21.270935,0.9732898,20.814148,1.0,20.678284,0.86245316,21.134888
124.5,21.227356,0.9986735,20.80362,0.9997143,20.641113,0.8627266,21.111816
126.0,21.193512,0.9831387,20.750153,0.97921646,20.7406,0.8420409,21.160675
127.5,21.257446,0.97954285,20.7081,0.92955524,20.724121,0.8205714,21.192017
129.0,21.272614,0.96933466,20.781067,0.9006287,20.695099,0.80130625,21.136383
130.5,21.233704,0.9886856,20.85019,0.90422046,20.721375,0.7718735,21.18335
132.0,21.135712,0.9870693,20.78778,0.8846164,20.720978,0.7868286,21.238586
133.5,21.21106,1.0,20.763733,0.8777266,20.73294,0.7870817,21.265625
135.0,21.368683,1.0,20.814209,0.90742046,20.736755,0.7929511,21.204376
136.5,21.281708,0.99193054,20.856232,0.90673065,20.766357,0.7935144,21.122314
138.0,21.257843,0.956057,20.834778,0.88348985,20.76361,0.79607356,21.203949
139.5,21.261902,0.9789387,20.82074,0.86283684,20.76056,0.80037564,21.276276
141.0,21.312164,0.9806571,20.780182,0.8485063,20.740875,0.8279022,21.341919
142.5,21.285217,0.9999959,20.846924,0.86269397,20.814423,0.8320001,21.283264
144.0,21.277039,0.9674121,20.861511,0.9257144,20.802765,0.82575923,21.239075
145.5,21.306488,0.9747999,20.903503,0.9679592,20.78482,0.8909103,21.31314
147.0,21.313751,0.9998857,20.870728,0.9641265,20.733582,0.9042327,21.365784
148.5,21.311005,0.9678856,20.835693,0.9389143,20.879303,0.874245,21.289368
150.0,21.325317,0.95346117,20.859283,1.0,20.847504,0.93070614,21.299438
151.5,21.393982,0.9999143,20.959076,1.0,20.780457,0.9503919,21.32602
153.0,21.378204,0.9858937,20.950623,0.9959593,20.803345,0.8426532,21.346191
154.5,21.355865,0.977102,20.85965,0.99822456,20.889984,0.86844903,21.371002
156.0,21.437958,0.9987755,20.832458,0.89258784,20.866974,0.8690165,21.372253
157.5,21.447449,0.98880816,20.933258,0.9453062,20.873474,0.91280013,21.358673
159.0,21.392365,0.9887387,20.985504,1.0,20.847534,0.8277021,21.3414
160.5,21.357178,0.9745061,20.94284,0.99810207,20.861023,0.9022163,21.417175
162.0,21.386932,0.97391415,20.894836,0.8899511,20.926117,0.84982455,21.433868
163.5,21.47638,0.9832123,20.926025,0.8730204,20.889862,0.84195113,21.391571
165.0,21.424896,1.0,20.995422,0.89947766,20.872314,0.819343,21.379944
166.5,21.40445,0.97445697,21.024384,0.9957755,20.889008,0.8060286,21.414978
168.0,21.40567,0.97562027,20.977814,1.0,20.914948,0.80754703,21.464325
169.5,21.458221,0.9695592,20.963348,0.93679595,20.88919,0.8762206,21.46231
171.0,21.493286,1.0,20.961426,0.91787356,20.971497,0.8814858,21.396698
172.5,21.431763,0.95895916,21.027222,1.0,20.943573,0.9531552,21.410278
174.0,21.425354,0.98605704,21.11676,1.0,20.928253,1.0,21.42398
175.5,21.460327,0.9821019,21.050812,1.0,20.868927,0.92975104,21.511139
177.0,21.5094,0.95922035,20.931976,1.0,20.978943,0.90670204,21.479431
178.5,21.483429,0.9985591,21.109406,1.0,20.998535,0.9475226,21.342957
180.0,21.497284,0.96625704,21.178284,1.0,20.963348,0.9993756,21.391235
