t,T010_C,draft010,T109_C,draft109,T170_C,draft170,T275_C,T267_C,T580_C
0.0,19.99997,0.0,20.000061,0.0,20.00003,0.0,19.99997,20.00003,19.99997
1.5,20.174652,0.0,20.000061,0.0,20.00003,0.021440819,19.99997,20.00003,19.99997
3.0,20.297272,0.0,20.000061,0.0,20.00003,0.02769796,19.99997,20.00003,19.99997
4.5,20.239044,0.0,20.000061,0.0,20.00003,0.031632654,19.99997,20.00003,19.99997
6.0,20.15866,0.0,20.000061,0.0,20.00003,0.034755107,19.99997,20.00003,19.99997
7.5,20.172455,0.0,20.000061,0.0,20.00003,0.025828574,19.99997,20.00003,19.99997
9.0,20.170929,0.040326517,20.000092,0.0,20.00003,0.017461225,19.99997,20.00003,19.99997
10.5,20.167145,0.114624515,20.365662,0.047497965,20.00003,0.011326533,19.99997,20.00003,19.99997
12.0,20.168793,0.122346915,20.642761,0.14434281,20.00003,0.0065142866,19.99997,20.00003,19.99997
13.5,20.175934,0.136102,20.549744,0.28288573,20.00003,0.001432653,19.99997,20.00003,19.99997
15.0,20.1846,0.17728163,20.625183,0.39988166,20.002502,0.0011265307,19.99997,20.00003,19.99997
16.5,20.189667,0.21830612,20.541595,0.5029714,20.267578,0.0018979594,19.99997,20.00003,19.99997
18.0,20.190735,0.2617673,20.713501,0.6023837,20.476318,0.0,19.99997,20.00003,19.99997
19.5,20.194458,0.33552244,20.84494,0.66715926,20.51474,0.012751038,19.99997,20.00003,19.99997
21.0,20.19696,0.42814285,20.944458,0.57838786,20.739166,0.21907355,19.99997,20.00003,19.99997
22.5,20.197784,0.502,20.923645,0.61861223,20.824982,0.4199797,19.99997,20.00003,19.99997
24.0,20.200592,0.55997133,20.809143,0.6438245,20.635406,0.32009387,19.99997,20.00003,19.99997
25.5,20.19983,0.60502034,20.835052,0.6404123,20.627747,0.28664494,19.99997,20.00003,19.99997
27.0,20.193817,0.6153714,20.919983,0.57724905,20.623108,0.27522042,19.99997,20.00003,19.99997
28.5,20.191833,0.54201627,20.886414,0.5261265,20.549744,0.21641232,19.99997,20.00003,19.99997
30.0,20.409637,0.42074284,20.811737,0.54357964,20.436523,0.11406531,20.01413,20.427368,19.99997
31.5,20.494781,0.37454683,20.851105,0.6001878,20.341858,0.26185715,20.32132,20.325256,19.99997
33.0,20.704468,0.38671836,20.85205,0.5606572,20.252228,0.32571027,20.37091,20.415314,19.99997
34.5,20.79303,0.35610607,20.832245,0.40413463,20.18515,0.36927754,20.367035,20.372131,19.99997
36.0,20.926483,0.5187999,20.834229,0.46757555,20.238312,0.50050616,20.45102,20.604553,20.011932
37.5,20.716797,0.3984734,20.711823,0.49352667,20.398895,0.50122863,20.40335,20.516266,20.008636
39.0,20.595795,0.4293347,20.823395,0.47052246,20.596832,0.57780415,20.634369,20.704163,20.006653
40.5,20.714874,0.44459182,20.620117,0.6299633,20.572632,0.61508983,20.732574,20.72699,20.01529
42.0,20.943909,0.42633057,20.557343,0.69886535,20.458893,0.49424502,20.809814,20.80365,20.047028
43.5,21.017517,0.47640818,20.290955,0.88280004,20.61148,0.69068164,20.563538,20.557251,20.102356
45.0,20.564667,0.8607958,20.255402,0.9895306,20.428497,0.80745316,20.613861,20.564392,20.19165
46.5,20.418488,0.742302,21.065857,0.92298377,20.2211,0.78800416,20.73114,20.814148,20.249054
48.0,20.584412,0.7832775,20.351135,0.98644495,21.098541,0.7761756,20.333008,20.311096,20.40387
49.5,21.132599,0.68134683,20.251526,0.9619184,20.412842,0.7482818,20.557678,20.516907,20.541443
51.0,21.317993,0.74347746,20.305664,0.9253348,20.44986,0.79848987,20.675018,20.677643,20.364105
52.5,21.06485,0.8192775,20.300995,0.8531919,20.396759,0.8204042,20.437592,20.507019,20.26352
54.0,20.829742,0.8673836,20.38385,0.83553874,20.420746,0.90302044,20.501251,20.582428,20.368408
55.5,21.019836,0.81946117,20.360992,0.8088532,20.42633,0.92858386,20.555206,20.52655,20.342041
57.0,21.10028,0.8923101,20.361908,0.9972817,20.467865,0.92777556,20.576782,20.580994,20.347412
58.5,20.909943,0.9187959,20.351837,1.0,20.395355,1.0,20.553375,20.56903,20.38086
60.0,21.005676,0.78483665,20.444458,1.0,20.396759,1.0,20.608917,20.508636,20.471619
61.5,20.941101,0.79403675,20.50064,1.0,20.405151,0.9985674,20.553741,20.53247,20.494995
63.0,21.150574,0.8777796,20.544006,1.0,20.383026,0.94147354,20.67215,20.818207,20.45456
64.5,20.699768,0.9506122,20.475311,1.0,20.464874,0.9542817,20.70105,20.790558,20.538452
66.0,20.546967,0.9874694,20.437103,1.0,21.13507,1.0,20.734467,20.760223,20.568512
67.5,20.682251,0.97798365,20.442139,0.9355388,20.61615,1.0,20.536194,20.763092,20.48639
69.0,20.82663,0.9376939,20.574738,0.95722854,20.486053,1.0,20.618195,20.636688,20.463562
70.5,20.983856,0.9020243,20.537048,1.0,20.536865,1.0,20.741058,20.680267,20.48584
72.0,21.215332,0.6675877,20.494568,1.0,20.59674,1.0,20.887573,20.912842,20.510437
73.5,21.240479,0.95597947,20.567352,1.0,20.53421,1.0,20.822144,20.755981,20.582642
75.0,21.146729,0.94858366,20.774658,0.9527715,20.621399,0.9597755,20.682251,20.690125,20.639252
76.5,20.627258,0.91901624,20.797638,1.0,20.537231,0.8975389,20.677277,20.749878,20.650513
78.0,20.76535,0.95390606,20.633179,0.81250626,20.628601,0.82987356,20.630585,20.713928,20.593292
79.5,20.92633,0.9208326,20.580261,0.86542857,20.718811,0.62217146,20.738678,20.787659,20.574463
81.0,20.866882,0.93882847,20.607697,0.93761635,20.578552,0.85735923,20.778137,20.757507,20.592316
82.5,21.355957,0.91625714,20.63205,0.8958082,20.725983,0.84009,20.72287,20.714813,20.72638
84.0,21.374237,0.97947335,20.607697,1.0,20.592407,0.9527715,21.030182,20.856964,20.706055
85.5,21.08548,0.9786815,20.63919,1.0,20.527954,0.7791307,20.79184,20.83963,20.70163
87.0,20.930603,0.90929794,20.75113,0.73455924,20.873688,0.6502409,20.70816,20.72342,20.71103
88.5,20.944305,0.8849428,20.764923,0.5873837,20.713623,0.8372776,20.890564,20.868591,20.734009
90.0,20.917877,0.9339836,20.714722,0.8793675,20.67044,1.0,20.879547,20.857727,20.739685
91.5,20.993347,0.8040938,20.708832,1.0,20.997498,1.0,20.839417,20.822266,20.714111
93.0,20.932922,0.9718979,20.648712,1.0,20.730743,1.0,20.763336,20.753418,20.688324
94.5,20.884094,0.9653795,20.96344,1.0,20.814606,0.99999595,20.784485,20.817963,20.69046
96.0,21.046509,0.97711843,20.824005,1.0,20.841888,0.98602045,20.793915,20.787323,20.73172
97.5,21.293396,0.9627713,20.79367,1.0,20.83963,0.99286956,20.794434,20.84021,20.694397
99.0,21.147217,0.90935093,20.806519,1.0,20.81372,0.97128576,20.92331,20.950653,20.752533
100.5,21.292572,0.9071346,20.850433,1.0,20.97696,1.0,20.873901,20.88086,20.756165
102.0,21.335907,1.0,20.825745,1.0,20.931946,1.0,20.813446,20.816986,20.754883
103.5,21.121948,0.91202444,20.861908,0.98151433,20.924286,1.0,20.779236,20.77185,20.767365
105.0,21.049133,0.9038571,20.857391,1.0,20.96466,1.0,20.885315,20.930511,20.823822
106.5,21.074615,0.9296243,20.867432,1.0,20.834198,1.0,21.04898,21.05478,20.862915
108.0,21.162323,0.7228817,20.81134,1.0,20.903046,1.0,20.96463,20.877441,20.888214
109.5,21.332245,0.9639183,20.87027,1.0,20.826782,1.0,20.84668,20.853638,20.80249
111.0,21.147827,0.9396122,20.879639,1.0,21.022186,0.99857146,20.788696,20.79367,20.771545
112.5,21.033447,0.9484408,20.958405,1.0,20.980835,1.0,20.827972,20.829742,20.803497
114.0,21.253021,0.8742244,20.870422,1.0,20.927155,1.0,20.876587,20.955414,20.91449
115.5,21.455505,0.9355019,20.835083,1.0,20.999146,0.98151433,21.057129,21.116486,20.967102
117.0,21.537659,0.92679584,20.951996,1.0,20.840485,1.0,20.946106,20.949005,20.881989
118.5,21.887054,0.9331918,20.85733,1.0,20.864868,0.99999595,20.903168,20.893127,20.87033
120.0,22.335419,0.9999959,20.849365,1.0,20.92865,1.0,20.917938,20.921722,20.885742
121.5,21.49582,0.9268693,20.95758,1.0,20.935425,1.0,20.932678,20.9198,20.967102
123.0,21.362152,0.9031388,20.913086,0.974449,21.048126,1.0,20.986603,21.006012,21.001495
124.5,21.65332,0.8943958,20.915833,1.0,20.92517,1.0,21.073639,21.326996,20.953186
126.0,21.339111,0.92571825,20.939087,1.0,20.8891,1.0,21.297852,21.24646,20.959656
127.5,21.23584,0.9687183,20.882965,1.0,21.142212,0.99857146,21.18219,21.20288,20.977722
129.0,21.26242,0.9948979,20.98819,1.0,21.057922,1.0,21.384491,21.23468,20.970337
130.5,21.12857,0.95993054,21.027039,1.0,21.033081,1.0,21.152008,21.216858,21.04831
132.0,21.21408,0.91202444,21.010376,1.0,20.985992,1.0,21.194519,21.135162,21.155426
133.5,21.15689,0.9477999,21.074432,1.0,21.07788,1.0,20.955048,21.00064,21.08548
135.0,21.083984,0.9617959,21.09555,1.0,21.081451,1.0,21.023163,20.970673,21.070648
136.5,21.093048,0.9785305,21.088562,1.0,21.159424,1.0,21.119965,21.12204,21.132446
138.0,21.2583,0.8242041,21.070007,1.0,21.08603,1.0,21.28009,21.175293,21.139648
139.5,21.316437,0.8742244,21.056885,1.0,21.048187,0.90764904,21.34732,21.238708,21.079132
141.0,21.421082,0.9178815,21.06253,1.0,21.100342,1.0,21.236206,21.311462,21.058533
142.5,21.710266,0.95242846,21.12619,0.9850612,21.124329,1.0,21.24582,21.168915,21.080719
144.0,21.906647,0.9750815,21.191437,1.0,21.174652,1.0,21.097717,21.080902,21.125793
145.5,21.55188,0.95164484,21.167084,1.0,21.052551,1.0,21.152832,21.152893,21.139526
147.0,21.424377,0.96301216,21.079926,0.94501233,21.092468,1.0,21.21399,21.359436,21.15094
148.5,21.302582,0.96898764,21.223358,0.9647266,21.227844,1.0,21.184753,21.178284,21.13919
150.0,21.313385,0.98137146,21.156311,0.9866409,21.124847,1.0,21.23175,21.338928,21.14975
151.5,21.47937,0.9623143,21.196808,1.0,21.2016,1.0,21.27301,21.242554,21.148834
153.0,21.6315,0.9814734,21.176453,1.0,21.212402,1.0,21.24115,21.276367,21.177704
154.5,21.644836,0.9193428,21.195099,1.0,21.170868,0.98093474,21.35785,21.274902,21.178162
156.0,21.548248,0.94512236,21.275574,1.0,21.178223,1.0,21.204315,21.204193,21.19281
157.5,21.38852,0.99323666,21.188782,1.0,21.33966,1.0,21.376282,21.443237,21.209045
159.0,21.35846,0.9999143,21.17746,1.0,21.248383,1.0,21.285217,21.23288,21.193756
160.5,21.38919,0.99997544,21.197296,1.0,21.61618,0.99998784,21.36905,21.370789,21.194153
162.0,21.524963,0.97907346,21.230743,1.0,21.274475,0.99999595,21.32315,21.326843,21.199707
163.5,21.7359,0.9359835,21.389221,1.0,21.298737,0.99995923,21.415405,21.437988,21.197388
165.0,21.604126,0.8881591,21.30832,1.0,21.313904,1.0,21.491974,21.533081,21.21698
166.5,21.919495,0.95308965,21.387543,1.0,21.522827,0.99002457,21.383759,21.373352,21.21698
168.0,21.96521,1.0,21.347656,0.99998784,21.484802,0.9730409,21.367767,21.385712,21.224487
169.5,21.791687,0.9792735,21.486755,0.99998784,21.38321,0.9985593,21.33133,21.335815,21.243439
171.0,21.988007,0.96098775,21.325195,0.99998784,21.415222,1.0,21.560455,21.531738,21.22284
172.5,22.117554,0.9554529,21.290527,1.0,21.557617,0.99286956,21.418549,21.400055,21.234985
174.0,22.10913,0.95490605,21.389954,0.99998784,21.506683,0.97597563,21.637543,21.523651,21.25354
175.5,22.319519,0.9429836,21.377625,0.99993885,21.416656,0.96460426,21.624756,21.651825,21.277924
177.0,22.53061,0.92160815,21.325836,1.0,21.534302,0.9758613,21.623383,21.63095,21.215088
178.5,23.003601,0.9394082,21.427948,1.0,21.486572,0.9676082,21.616089,21.610168,21.230682
180.0,22.010468,0.931596,21.549744,1.0,21.493347,0.96460426,21.574005,21.594025,21.236908
