X_behind_doors_m,Ux_mean_m_per_s
1.500000000000000000e+00,3.362167477447377095e+00
1.505000114440917969e+00,3.348573202484527389e+00
1.510000228881835938e+00,3.334978927521677683e+00
1.515000343322753906e+00,3.321384652558828421e+00
1.520000457763671875e+00,3.307790377595978271e+00
1.524999618530273438e+00,3.294198695475959671e+00
1.529999732971191406e+00,3.280604420513110409e+00
1.534999847412109375e+00,3.267010145550260702e+00
1.539999961853027344e+00,3.253415870587410996e+00
1.545000076293945312e+00,3.239821595624561290e+00
1.550000190734863281e+00,3.226227320661712028e+00
1.555000305175781250e+00,3.212633045698862322e+00
1.560000419616699219e+00,3.199038770736012616e+00
1.564999580383300781e+00,3.185447088615994460e+00
1.569999694824218750e+00,3.171852813653144754e+00
1.574999809265136719e+00,3.158258538690294603e+00
1.579999923706054688e+00,3.144664263727445341e+00
1.585000038146972656e+00,3.131069988764595635e+00
1.590000152587890625e+00,3.117475713801746373e+00
1.595000267028808594e+00,3.103881438838896667e+00
1.600000381469726562e+00,3.090055004832280794e+00
1.604999542236328125e+00,3.075998173886525855e+00
1.609999656677246094e+00,3.061938661362948455e+00
1.614999771118164062e+00,3.047879148839371055e+00
1.619999885559082031e+00,3.033819636315794099e+00
1.625000000000000000e+00,3.019760123792216699e+00
1.630000114440917969e+00,3.005700611268639300e+00
1.635000228881835938e+00,2.991641098745062344e+00
1.640000343322753906e+00,2.977581586221484944e+00
1.645000457763671875e+00,2.963522073697907988e+00
1.649999618530273438e+00,2.949465242752153049e+00
1.654999732971191406e+00,2.935405730228575649e+00
1.659999847412109375e+00,2.921346217704998249e+00
1.664999961853027344e+00,2.907286705181421294e+00
1.670000076293945312e+00,2.893227192657843894e+00
1.675000190734863281e+00,2.879167680134266938e+00
1.680000305175781250e+00,2.865108167610689094e+00
2.820000171661376953e+00,-1.664174984659097856e+00
2.824999809265136719e+00,-1.686653570243813016e+00
2.829999923706054688e+00,-1.709134299708888749e+00
2.835000038146972656e+00,-1.731615029173964704e+00
2.840000152587890625e+00,-1.754095758639040881e+00
2.844999790191650391e+00,-1.776574344223755819e+00
2.849999904632568359e+00,-1.799055073688831774e+00
2.855000019073486328e+00,-1.821535803153907729e+00
2.860000133514404297e+00,-1.844016532618983462e+00
2.864999771118164062e+00,-1.866495118203698400e+00
2.869999885559082031e+00,-1.888975847668774577e+00
2.875000000000000000e+00,-1.911456577133850310e+00
2.880000114440917969e+00,-1.933937306598926487e+00
2.885000228881835938e+00,-1.956418036064002219e+00
2.889999866485595703e+00,-1.978896621648717158e+00
2.894999980926513672e+00,-2.001377351113793335e+00
2.900000095367431641e+00,-2.023858080578869512e+00
2.905000209808349609e+00,-2.046338810043945244e+00
2.909999847412109375e+00,-2.068817395628660183e+00
2.914999961853027344e+00,-2.091298125093735916e+00
2.920000076293945312e+00,-2.113778854558812093e+00
2.925000190734863281e+00,-2.136259584023887825e+00
2.929999828338623047e+00,-2.159335077955981230e+00
2.934999942779541016e+00,-2.183043109154463757e+00
2.940000057220458984e+00,-2.206751140352946283e+00
2.945000171661376953e+00,-2.230459171551428810e+00
2.949999809265136719e+00,-2.254164941827615287e+00
2.954999923706054688e+00,-2.277872973026097370e+00
2.960000038146972656e+00,-2.301581004224579896e+00
2.965000152587890625e+00,-2.324267225784817370e+00
2.969999790191650391e+00,-2.346745852878779459e+00
2.974999904632568359e+00,-2.369226623857061398e+00
2.980000019073486328e+00,-2.391707394835343337e+00
2.985000133514404297e+00,-2.414188165813625275e+00
2.989999771118164062e+00,-2.436666792907586476e+00
2.994999885559082031e+00,-2.459147563885868859e+00
