t_s,shoulders_x_m,behind_cab_front_m,Fx_N,Fy_N,Fz_N,Fx_shown_N,Fy_shown_N,Fz_shown_N,in_plane_shown_N
4,31.5000,-15.0000,-6.204,-0.083,0.010,-6.204,-0.083,0.010,6
4.008332,31.3611,-14.8611,-6.198,-0.086,0.010,-6.204,-0.083,0.010,6
4.016665,31.2222,-14.7222,-6.192,-0.089,0.010,-6.204,-0.083,0.010,6
4.024998,31.0834,-14.5834,-6.186,-0.092,0.011,-6.204,-0.083,0.010,6
4.033332,30.9445,-14.4445,-6.180,-0.096,0.011,-6.204,-0.083,0.010,6
4.041665,30.8056,-14.3056,-6.173,-0.099,0.011,-6.204,-0.083,0.010,6
4.049998,30.6667,-14.1667,-6.166,-0.103,0.012,-6.182,-0.094,0.011,6
4.058332,30.5278,-14.0278,-6.159,-0.106,0.012,-6.182,-0.094,0.011,6
4.066665,30.3889,-13.8889,-6.152,-0.110,0.013,-6.182,-0.094,0.011,6
4.074998,30.2500,-13.7500,-6.144,-0.114,0.013,-6.182,-0.094,0.011,6
4.083332,30.1111,-13.6111,-6.136,-0.118,0.013,-6.182,-0.094,0.011,6
4.091665,29.9722,-13.4722,-6.128,-0.123,0.014,-6.182,-0.094,0.011,6
4.099998,29.8334,-13.3334,-6.120,-0.127,0.014,-6.140,-0.116,0.013,6
4.108332,29.6945,-13.1945,-6.111,-0.132,0.015,-6.140,-0.116,0.013,6
4.116665,29.5556,-13.0556,-6.102,-0.137,0.016,-6.140,-0.116,0.013,6
4.124998,29.4167,-12.9167,-6.093,-0.142,0.016,-6.140,-0.116,0.013,6
4.133332,29.2778,-12.7778,-6.083,-0.147,0.017,-6.140,-0.116,0.013,6
4.141665,29.1389,-12.6389,-6.074,-0.152,0.017,-6.140,-0.116,0.013,6
4.149998,29.0000,-12.5000,-6.063,-0.158,0.018,-6.088,-0.145,0.016,6
4.158332,28.8611,-12.3611,-6.053,-0.164,0.019,-6.088,-0.145,0.016,6
4.166665,28.7222,-12.2222,-6.042,-0.170,0.019,-6.088,-0.145,0.016,6
4.174998,28.5834,-12.0834,-6.030,-0.177,0.020,-6.088,-0.145,0.016,6
4.183332,28.4445,-11.9445,-6.019,-0.184,0.021,-6.088,-0.145,0.016,6
4.191665,28.3056,-11.8056,-6.006,-0.191,0.021,-6.088,-0.145,0.016,6
4.199998,28.1667,-11.6667,-5.994,-0.198,0.022,-6.024,-0.181,0.020,6
4.208332,28.0278,-11.5278,-5.981,-0.206,0.023,-6.024,-0.181,0.020,6
4.216665,27.8889,-11.3889,-5.967,-0.214,0.024,-6.024,-0.181,0.020,6
4.224998,27.7500,-11.2500,-5.953,-0.222,0.025,-6.024,-0.181,0.020,6
4.233332,27.6111,-11.1111,-5.939,-0.231,0.026,-6.024,-0.181,0.020,6
4.241665,27.4722,-10.9722,-5.923,-0.240,0.027,-6.024,-0.181,0.020,6
4.249998,27.3334,-10.8334,-5.908,-0.250,0.028,-5.945,-0.227,0.025,6
4.258332,27.1945,-10.6945,-5.892,-0.260,0.029,-5.945,-0.227,0.025,6
4.266665,27.0556,-10.5556,-5.875,-0.270,0.030,-5.945,-0.227,0.025,6
4.274998,26.9167,-10.4167,-5.858,-0.281,0.031,-5.945,-0.227,0.025,6
4.283332,26.7778,-10.2778,-5.840,-0.292,0.032,-5.945,-0.227,0.025,6
4.291665,26.6389,-10.1389,-5.821,-0.304,0.033,-5.945,-0.227,0.025,6
4.299998,26.5000,-10.0000,-5.802,-0.316,0.035,-5.848,-0.287,0.032,6
4.308332,26.3611,-9.8611,-5.782,-0.329,0.036,-5.848,-0.287,0.032,6
4.316665,26.2222,-9.7222,-5.762,-0.343,0.037,-5.848,-0.287,0.032,6
4.324998,26.0834,-9.5834,-5.740,-0.357,0.039,-5.848,-0.287,0.032,6
4.333332,25.9445,-9.4445,-5.718,-0.372,0.040,-5.848,-0.287,0.032,6
4.341665,25.8056,-9.3056,-5.695,-0.388,0.042,-5.848,-0.287,0.032,6
4.349998,25.6667,-9.1667,-5.671,-0.404,0.044,-5.728,-0.366,0.040,6
4.358332,25.5278,-9.0278,-5.647,-0.421,0.045,-5.728,-0.366,0.040,6
4.366665,25.3889,-8.8889,-5.621,-0.439,0.047,-5.728,-0.366,0.040,6
4.374998,25.2500,-8.7500,-5.595,-0.458,0.049,-5.728,-0.366,0.040,6
4.383332,25.1111,-8.6111,-5.568,-0.478,0.051,-5.728,-0.366,0.040,6
4.391665,24.9722,-8.4722,-5.540,-0.498,0.053,-5.728,-0.366,0.040,6
4.399998,24.8334,-8.3334,-5.510,-0.520,0.055,-5.580,-0.469,0.050,6
4.408332,24.6945,-8.1945,-5.480,-0.543,0.057,-5.580,-0.469,0.050,6
4.416665,24.5556,-8.0556,-5.449,-0.567,0.059,-5.580,-0.469,0.050,6
4.424998,24.4167,-7.9167,-5.416,-0.592,0.062,-5.580,-0.469,0.050,6
4.433332,24.2778,-7.7778,-5.383,-0.618,0.064,-5.580,-0.469,0.050,6
4.441665,24.1389,-7.6389,-5.348,-0.646,0.067,-5.580,-0.469,0.050,6
4.449998,24.0000,-7.5000,-5.313,-0.675,0.070,-5.398,-0.607,0.063,5
4.458331,23.8611,-7.3611,-5.276,-0.705,0.072,-5.398,-0.607,0.063,5
4.466665,23.7222,-7.2222,-5.237,-0.738,0.075,-5.398,-0.607,0.063,5
4.474998,23.5833,-7.0833,-5.198,-0.772,0.078,-5.398,-0.607,0.063,5
4.483332,23.4445,-6.9445,-5.157,-0.807,0.082,-5.398,-0.607,0.063,5
4.491665,23.3056,-6.8056,-5.115,-0.845,0.085,-5.398,-0.607,0.063,5
4.499998,23.1667,-6.6667,-5.072,-0.884,0.088,-5.176,-0.792,0.080,5
4.508331,23.0278,-6.5278,-5.027,-0.926,0.092,-5.176,-0.792,0.080,5
4.516665,22.8889,-6.3889,-4.981,-0.970,0.096,-5.176,-0.792,0.080,5
4.524998,22.7500,-6.2500,-4.934,-1.016,0.100,-5.176,-0.792,0.080,5
4.533332,22.6111,-6.1111,-4.885,-1.065,0.104,-5.176,-0.792,0.080,5
4.541665,22.4722,-5.9722,-4.835,-1.116,0.108,-5.176,-0.792,0.080,5
4.549998,22.3333,-5.8333,-4.784,-1.171,0.112,-4.908,-1.044,0.102,5
4.558332,22.1945,-5.6945,-4.732,-1.228,0.117,-4.908,-1.044,0.102,5
4.566665,22.0556,-5.5556,-4.678,-1.289,0.121,-4.908,-1.044,0.102,5
4.574998,21.9167,-5.4167,-4.624,-1.353,0.126,-4.908,-1.044,0.102,5
4.583331,21.7778,-5.2778,-4.568,-1.421,0.131,-4.908,-1.044,0.102,5
4.591665,21.6389,-5.1389,-4.512,-1.493,0.137,-4.908,-1.044,0.102,5
4.599998,21.5000,-5.0000,-4.454,-1.570,0.142,-4.595,-1.392,0.129,5
4.608332,21.3611,-4.8611,-4.397,-1.651,0.148,-4.595,-1.392,0.129,5
4.616665,21.2222,-4.7222,-4.338,-1.737,0.153,-4.595,-1.392,0.129,5
4.624998,21.0833,-4.5833,-4.280,-1.828,0.160,-4.595,-1.392,0.129,5
4.633331,20.9445,-4.4445,-4.222,-1.926,0.166,-4.595,-1.392,0.129,5
4.641665,20.8056,-4.3056,-4.164,-2.030,0.172,-4.595,-1.392,0.129,5
4.649998,20.6667,-4.1667,-4.107,-2.141,0.179,-4.251,-1.886,0.163,5
4.658332,20.5278,-4.0278,-4.052,-2.260,0.186,-4.251,-1.886,0.163,5
4.666665,20.3889,-3.8889,-3.998,-2.388,0.193,-4.251,-1.886,0.163,5
4.674998,20.2500,-3.7500,-3.946,-2.525,0.201,-4.251,-1.886,0.163,5
4.683332,20.1111,-3.6111,-3.898,-2.674,0.209,-4.251,-1.886,0.163,5
4.691665,19.9722,-3.4722,-3.853,-2.834,0.217,-4.251,-1.886,0.163,5
4.699998,19.8333,-3.3333,-3.812,-3.007,0.226,-3.926,-2.615,0.205,5
4.708331,19.6945,-3.1945,-3.777,-3.195,0.235,-3.926,-2.615,0.205,5
4.716665,19.5556,-3.0556,-3.748,-3.400,0.244,-3.926,-2.615,0.205,5
4.724998,19.4167,-2.9167,-3.727,-3.625,0.254,-3.926,-2.615,0.205,5
4.733331,19.2778,-2.7778,-3.715,-3.870,0.265,-3.926,-2.615,0.205,5
4.741665,19.1389,-2.6389,-3.712,-4.139,0.276,-3.926,-2.615,0.205,5
4.749998,19.0000,-2.5000,-3.722,-4.435,0.287,-3.734,-3.777,0.260,5
4.758331,18.8611,-2.3611,-3.744,-4.762,0.300,-3.734,-3.777,0.260,5
4.766665,18.7222,-2.2222,-3.782,-5.122,0.313,-3.734,-3.777,0.260,5
4.774998,18.5833,-2.0833,-3.836,-5.517,0.327,-3.734,-3.777,0.260,5
4.783331,18.4445,-1.9445,-3.910,-5.952,0.341,-3.734,-3.777,0.260,5
4.791665,18.3056,-1.8056,-4.005,-6.430,0.357,-3.734,-3.777,0.260,5
4.799998,18.1667,-1.6667,-4.123,-6.952,0.373,-3.900,-5.789,0.335,7
4.808331,18.0278,-1.5278,-4.268,-7.520,0.390,-3.900,-5.789,0.335,7
4.816665,17.8889,-1.3889,-4.442,-8.134,0.407,-3.900,-5.789,0.335,7
4.824998,17.7500,-1.2500,-4.646,-8.792,0.425,-3.900,-5.789,0.335,7
4.833331,17.6111,-1.1111,-4.885,-9.491,0.444,-3.900,-5.789,0.335,7
4.841665,17.4722,-0.9722,-5.160,-10.225,0.463,-3.900,-5.789,0.335,7
4.849998,17.3333,-0.8333,-5.472,-10.987,0.481,-4.812,-9.191,0.435,10
4.858331,17.1944,-0.6944,-5.821,-11.764,0.500,-4.812,-9.191,0.435,10
4.866665,17.0556,-0.5556,-6.209,-12.545,0.518,-4.812,-9.191,0.435,10
4.874998,16.9167,-0.4167,-6.632,-13.312,0.536,-4.812,-9.191,0.435,10
4.883331,16.7778,-0.2778,-7.087,-14.050,0.553,-4.812,-9.191,0.435,10
4.891665,16.6389,-0.1389,-7.569,-14.741,0.570,-4.812,-9.191,0.435,10
4.899998,16.5000,-0.0000,-8.073,-15.371,0.585,-6.898,-13.631,0.544,15
4.908331,16.3611,0.1389,-8.590,-15.923,0.599,-6.898,-13.631,0.544,15
4.916665,16.2222,0.2778,-9.112,-16.386,0.613,-6.898,-13.631,0.544,15
4.924998,16.0833,0.4167,-9.633,-16.755,0.625,-6.898,-13.631,0.544,15
4.933331,15.9444,0.5556,-10.143,-17.025,0.637,-6.898,-13.631,0.544,15
4.941665,15.8056,0.6944,-10.637,-17.196,0.648,-6.898,-13.631,0.544,15
4.949998,15.6667,0.8333,-11.108,-17.269,0.657,-9.870,-16.759,0.630,19
4.958331,15.5278,0.9722,-11.553,-17.254,0.666,-9.870,-16.759,0.630,19
4.966665,15.3889,1.1111,-11.969,-17.157,0.674,-9.870,-16.759,0.630,19
4.974998,15.2500,1.2500,-12.354,-16.988,0.682,-9.870,-16.759,0.630,19
4.983331,15.1111,1.3889,-12.707,-16.754,0.688,-9.870,-16.759,0.630,19
4.991665,14.9722,1.5278,-13.031,-16.467,0.695,-9.870,-16.759,0.630,19
4.999998,14.8333,1.6667,-13.326,-16.135,0.702,-12.490,-16.792,0.685,21
5.008331,14.6944,1.8056,-13.594,-15.765,0.709,-12.490,-16.792,0.685,21
5.016665,14.5556,1.9444,-13.839,-15.363,0.717,-12.490,-16.792,0.685,21
5.024998,14.4167,2.0833,-14.062,-14.932,0.726,-12.490,-16.792,0.685,21
5.033331,14.2778,2.2222,-14.265,-14.476,0.737,-12.490,-16.792,0.685,21
5.041665,14.1389,2.3611,-14.450,-13.997,0.748,-12.490,-16.792,0.685,21
5.049998,14.0000,2.5000,-14.618,-13.494,0.762,-14.138,-14.671,0.733,20
5.058331,13.8611,2.6389,-14.766,-12.968,0.777,-14.138,-14.671,0.733,20
5.066665,13.7222,2.7778,-14.897,-12.419,0.795,-14.138,-14.671,0.733,20
5.074998,13.5833,2.9167,-15.007,-11.847,0.814,-14.138,-14.671,0.733,20
5.083331,13.4444,3.0556,-15.095,-11.253,0.834,-14.138,-14.671,0.733,20
5.091665,13.3056,3.1944,-15.157,-10.638,0.857,-14.138,-14.671,0.733,20
5.099998,13.1667,3.3333,-15.189,-10.004,0.881,-15.018,-11.521,0.826,19
5.108331,13.0278,3.4722,-15.187,-9.355,0.906,-15.018,-11.521,0.826,19
5.116665,12.8889,3.6111,-15.148,-8.697,0.931,-15.018,-11.521,0.826,19
5.124998,12.7500,3.7500,-15.067,-8.037,0.957,-15.018,-11.521,0.826,19
5.133331,12.6111,3.8889,-14.943,-7.386,0.982,-15.018,-11.521,0.826,19
5.141665,12.4722,4.0278,-14.778,-6.756,1.005,-15.018,-11.521,0.826,19
5.149998,12.3333,4.1667,-14.576,-6.156,1.027,-14.950,-7.731,0.968,17
5.158331,12.1944,4.3056,-14.343,-5.598,1.047,-14.950,-7.731,0.968,17
5.166665,12.0556,4.4444,-14.086,-5.090,1.064,-14.950,-7.731,0.968,17
5.174998,11.9167,4.5833,-13.814,-4.639,1.078,-14.950,-7.731,0.968,17
5.183331,11.7778,4.7222,-13.536,-4.245,1.090,-14.950,-7.731,0.968,17
5.191665,11.6389,4.8611,-13.262,-3.909,1.100,-14.950,-7.731,0.968,17
5.199998,11.5000,5.0000,-12.998,-3.627,1.108,-13.673,-4.518,1.081,14
5.208331,11.3611,5.1389,-12.751,-3.395,1.114,-13.673,-4.518,1.081,14
5.216665,11.2222,5.2778,-12.525,-3.203,1.119,-13.673,-4.518,1.081,14
5.224998,11.0833,5.4167,-12.323,-3.045,1.123,-13.673,-4.518,1.081,14
5.233331,10.9444,5.5556,-12.145,-2.913,1.127,-13.673,-4.518,1.081,14
5.241665,10.8055,5.6945,-11.991,-2.800,1.131,-13.673,-4.518,1.081,14
5.249998,10.6667,5.8333,-11.858,-2.700,1.135,-12.265,-3.009,1.125,13
5.258331,10.5278,5.9722,-11.744,-2.606,1.139,-12.265,-3.009,1.125,13
5.266665,10.3889,6.1111,-11.645,-2.517,1.144,-12.265,-3.009,1.125,13
5.274998,10.2500,6.2500,-11.557,-2.428,1.150,-12.265,-3.009,1.125,13
5.283331,10.1111,6.3889,-11.479,-2.339,1.157,-12.265,-3.009,1.125,13
5.291665,9.9722,6.5278,-11.409,-2.247,1.164,-12.265,-3.009,1.125,13
5.299998,9.8333,6.6667,-11.343,-2.154,1.172,-11.530,-2.382,1.154,12
5.308331,9.6944,6.8056,-11.282,-2.059,1.179,-11.530,-2.382,1.154,12
5.316664,9.5555,6.9445,-11.223,-1.963,1.188,-11.530,-2.382,1.154,12
5.324998,9.4167,7.0833,-11.167,-1.866,1.196,-11.530,-2.382,1.154,12
5.333331,9.2778,7.2222,-11.112,-1.768,1.204,-11.530,-2.382,1.154,12
5.341665,9.1389,7.3611,-11.060,-1.671,1.211,-11.530,-2.382,1.154,12
5.349998,9.0000,7.5000,-11.008,-1.574,1.219,-11.142,-1.817,1.199,11
5.358331,8.8611,7.6389,-10.959,-1.479,1.226,-11.142,-1.817,1.199,11
5.366664,8.7222,7.7778,-10.912,-1.386,1.232,-11.142,-1.817,1.199,11
5.374998,8.5833,7.9167,-10.866,-1.294,1.238,-11.142,-1.817,1.199,11
5.383331,8.4444,8.0556,-10.823,-1.204,1.244,-11.142,-1.817,1.199,11
5.391665,8.3055,8.1945,-10.783,-1.116,1.249,-11.142,-1.817,1.199,11
5.399998,8.1667,8.3333,-10.745,-1.031,1.253,-10.848,-1.252,1.240,11
5.408331,8.0278,8.4722,-10.710,-0.949,1.257,-10.848,-1.252,1.240,11
5.416665,7.8889,8.6111,-10.680,-0.869,1.261,-10.848,-1.252,1.240,11
5.424998,7.7500,8.7500,-10.652,-0.792,1.264,-10.848,-1.252,1.240,11
5.433331,7.6111,8.8889,-10.628,-0.716,1.267,-10.848,-1.252,1.240,11
5.441664,7.4722,9.0278,-10.609,-0.643,1.270,-10.848,-1.252,1.240,11
5.449998,7.3333,9.1667,-10.595,-0.571,1.273,-10.646,-0.757,1.265,11
5.458331,7.1944,9.3056,-10.585,-0.501,1.275,-10.646,-0.757,1.265,11
5.466665,7.0555,9.4445,-10.580,-0.430,1.278,-10.646,-0.757,1.265,11
5.474998,6.9167,9.5833,-10.580,-0.360,1.280,-10.646,-0.757,1.265,11
5.483331,6.7778,9.7222,-10.584,-0.288,1.281,-10.646,-0.757,1.265,11
5.491664,6.6389,9.8611,-10.592,-0.216,1.283,-10.646,-0.757,1.265,11
5.499998,6.5000,10.0000,-10.603,-0.141,1.284,-10.588,-0.323,1.280,11
5.508331,6.3611,10.1389,-10.618,-0.064,1.284,-10.588,-0.323,1.280,11
5.516665,6.2222,10.2778,-10.635,0.017,1.284,-10.588,-0.323,1.280,11
5.524998,6.0833,10.4167,-10.655,0.099,1.284,-10.588,-0.323,1.280,11
5.533331,5.9444,10.5556,-10.675,0.184,1.283,-10.588,-0.323,1.280,11
5.541664,5.8055,10.6945,-10.697,0.273,1.281,-10.588,-0.323,1.280,11
5.549998,5.6667,10.8333,-10.719,0.363,1.279,-10.666,0.145,1.283,11
5.558331,5.5278,10.9722,-10.741,0.457,1.277,-10.666,0.145,1.283,11
5.566664,5.3889,11.1111,-10.763,0.552,1.274,-10.666,0.145,1.283,11
5.574998,5.2500,11.2500,-10.785,0.649,1.272,-10.666,0.145,1.283,11
5.583331,5.1111,11.3889,-10.806,0.749,1.269,-10.666,0.145,1.283,11
5.591664,4.9722,11.5278,-10.826,0.852,1.266,-10.666,0.145,1.283,11
5.599998,4.8333,11.6667,-10.846,0.955,1.262,-10.795,0.702,1.270,11
5.608331,4.6944,11.8056,-10.865,1.061,1.260,-10.795,0.702,1.270,11
5.616664,4.5555,11.9445,-10.883,1.169,1.256,-10.795,0.702,1.270,11
5.624998,4.4166,12.0834,-10.899,1.279,1.254,-10.795,0.702,1.270,11
5.633331,4.2778,12.2222,-10.915,1.391,1.250,-10.795,0.702,1.270,11
5.641664,4.1389,12.3611,-10.930,1.506,1.248,-10.795,0.702,1.270,11
5.649998,4.0000,12.5000,-10.944,1.622,1.246,-10.906,1.338,1.252,11
5.658331,3.8611,12.6389,-10.957,1.743,1.243,-10.906,1.338,1.252,11
5.666664,3.7222,12.7778,-10.969,1.866,1.240,-10.906,1.338,1.252,11
5.674998,3.5833,12.9167,-10.980,1.992,1.238,-10.906,1.338,1.252,11
5.683331,3.4444,13.0556,-10.991,2.121,1.237,-10.906,1.338,1.252,11
5.691664,3.3055,13.1945,-11.000,2.254,1.234,-10.906,1.338,1.252,11
5.699998,3.1666,13.3334,-11.008,2.389,1.233,-10.984,2.061,1.238,11
5.708331,3.0278,13.4722,-11.015,2.528,1.231,-10.984,2.061,1.238,11
5.716664,2.8889,13.6111,-11.022,2.669,1.231,-10.984,2.061,1.238,11
5.724998,2.7500,13.7500,-11.028,2.811,1.229,-10.984,2.061,1.238,11
5.733331,2.6111,13.8889,-11.031,2.956,1.228,-10.984,2.061,1.238,11
5.741664,2.4722,14.0278,-11.033,3.100,1.226,-10.984,2.061,1.238,11
5.749998,2.3333,14.1667,-11.034,3.245,1.225,-11.027,2.885,1.228,11
5.758331,2.1944,14.3056,-11.034,3.388,1.225,-11.027,2.885,1.228,11
5.766664,2.0555,14.4445,-11.032,3.531,1.223,-11.027,2.885,1.228,11
5.774998,1.9166,14.5834,-11.029,3.671,1.223,-11.027,2.885,1.228,11
5.783331,1.7778,14.7222,-11.024,3.809,1.222,-11.027,2.885,1.228,11
5.791664,1.6389,14.8611,-11.018,3.945,1.223,-11.027,2.885,1.228,11
5.799998,1.5000,15.0000,-11.012,4.077,1.224,-11.025,3.737,1.223,12
5.808331,1.3611,15.1389,-11.001,4.206,1.224,-11.025,3.737,1.223,12
5.816664,1.2222,15.2778,-10.990,4.330,1.226,-11.025,3.737,1.223,12
5.824998,1.0833,15.4167,-10.975,4.451,1.227,-11.025,3.737,1.223,12
5.833331,0.9444,15.5556,-10.959,4.565,1.230,-11.025,3.737,1.223,12
5.841664,0.8055,15.6945,-10.938,4.675,1.231,-11.025,3.737,1.223,12
5.849998,0.6666,15.8334,-10.913,4.779,1.233,-10.963,4.501,1.228,12
5.858331,0.5278,15.9722,-10.884,4.875,1.235,-10.963,4.501,1.228,12
5.866664,0.3889,16.1111,-10.850,4.965,1.237,-10.963,4.501,1.228,12
5.874998,0.2500,16.2500,-10.812,5.046,1.240,-10.963,4.501,1.228,12
5.883331,0.1111,16.3889,-10.766,5.120,1.240,-10.963,4.501,1.228,12
5.891664,-0.0278,16.5278,-10.715,5.183,1.242,-10.963,4.501,1.228,12
5.899998,-0.1667,16.6667,-10.659,5.237,1.242,-10.781,5.071,1.239,12
5.908331,-0.3056,16.8056,-10.597,5.280,1.244,-10.781,5.071,1.239,12
5.916664,-0.4445,16.9445,-10.530,5.312,1.243,-10.781,5.071,1.239,12
5.924998,-0.5834,17.0834,-10.457,5.333,1.243,-10.781,5.071,1.239,12
5.933331,-0.7222,17.2222,-10.380,5.341,1.243,-10.781,5.071,1.239,12
5.941664,-0.8611,17.3611,-10.299,5.341,1.242,-10.781,5.071,1.239,12
5.949998,-1.0000,17.5000,-10.214,5.326,1.243,-10.413,5.322,1.243,12
5.958331,-1.1389,17.6389,-10.126,5.303,1.241,-10.413,5.322,1.243,12
5.966664,-1.2778,17.7778,-10.035,5.266,1.241,-10.413,5.322,1.243,12
5.974998,-1.4167,17.9167,-9.943,5.221,1.241,-10.413,5.322,1.243,12
5.983331,-1.5556,18.0556,-9.850,5.165,1.242,-10.413,5.322,1.243,12
5.991664,-1.6945,18.1945,-9.755,5.098,1.242,-10.413,5.322,1.243,12
5.999998,-1.8334,18.3334,-9.660,5.026,1.244,-9.895,5.180,1.242,11
6.008331,-1.9722,18.4722,-9.565,4.942,1.246,-9.895,5.180,1.242,11
6.016664,-2.1111,18.6111,-9.472,4.855,1.249,-9.895,5.180,1.242,11
6.024998,-2.2500,18.7500,-9.380,4.757,1.253,-9.895,5.180,1.242,11
6.033331,-2.3889,18.8889,-9.290,4.658,1.256,-9.895,5.180,1.242,11
6.041664,-2.5278,19.0278,-9.200,4.550,1.262,-9.895,5.180,1.242,11
6.049998,-2.6667,19.1667,-9.115,4.440,1.267,-9.337,4.700,1.255,10
6.058331,-2.8056,19.3056,-9.031,4.325,1.275,-9.337,4.700,1.255,10
6.066664,-2.9445,19.4445,-8.950,4.205,1.281,-9.337,4.700,1.255,10
6.074998,-3.0834,19.5834,-8.872,4.086,1.289,-9.337,4.700,1.255,10
6.083331,-3.2223,19.7223,-8.796,3.960,1.297,-9.337,4.700,1.255,10
6.091664,-3.3611,19.8611,-8.724,3.837,1.307,-9.337,4.700,1.255,10
6.099998,-3.5000,20.0000,-8.654,3.707,1.318,-8.838,4.020,1.295,10
6.108331,-3.6389,20.1389,-8.588,3.582,1.328,-8.838,4.020,1.295,10
6.116664,-3.7778,20.2778,-8.522,3.452,1.340,-8.838,4.020,1.295,10
6.124998,-3.9167,20.4167,-8.461,3.323,1.352,-8.838,4.020,1.295,10
6.133331,-4.0556,20.5556,-8.400,3.194,1.365,-8.838,4.020,1.295,10
6.141664,-4.1945,20.6945,-8.343,3.063,1.377,-8.838,4.020,1.295,10
6.149997,-4.3334,20.8334,-8.286,2.937,1.391,-8.433,3.259,1.359,9
6.158331,-4.4723,20.9723,-8.231,2.805,1.404,-8.433,3.259,1.359,9
6.166664,-4.6111,21.1111,-8.179,2.680,1.418,-8.433,3.259,1.359,9
6.174997,-4.7500,21.2500,-8.125,2.548,1.432,-8.433,3.259,1.359,9
6.183331,-4.8889,21.3889,-8.075,2.426,1.446,-8.433,3.259,1.359,9
6.191664,-5.0278,21.5278,-8.022,2.299,1.460,-8.433,3.259,1.359,9
6.199998,-5.1667,21.6667,-7.973,2.174,1.475,-8.101,2.489,1.439,8
6.208331,-5.3056,21.8056,-7.921,2.052,1.490,-8.101,2.489,1.439,8
6.216664,-5.4445,21.9445,-7.870,1.925,1.504,-8.101,2.489,1.439,8
6.224997,-5.5834,22.0834,-7.817,1.808,1.518,-8.101,2.489,1.439,8
6.233331,-5.7223,22.2223,-7.763,1.684,1.531,-8.101,2.489,1.439,8
6.241664,-5.8611,22.3611,-7.708,1.569,1.546,-8.101,2.489,1.439,8
6.249998,-6.0000,22.5000,-7.651,1.447,1.559,-7.788,1.748,1.525,8
6.258331,-6.1389,22.6389,-7.594,1.336,1.572,-7.788,1.748,1.525,8
6.266664,-6.2778,22.7778,-7.532,1.224,1.583,-7.788,1.748,1.525,8
6.274997,-6.4167,22.9167,-7.472,1.112,1.595,-7.788,1.748,1.525,8
6.283331,-6.5556,23.0556,-7.408,1.008,1.606,-7.788,1.748,1.525,8
6.291664,-6.6945,23.1945,-7.345,0.898,1.616,-7.788,1.748,1.525,8
6.299997,-6.8334,23.3334,-7.278,0.803,1.625,-7.438,1.063,1.599,8
6.308331,-6.9723,23.4723,-7.211,0.700,1.633,-7.438,1.063,1.599,8
6.316664,-7.1111,23.6111,-7.144,0.609,1.640,-7.438,1.063,1.599,8
6.324998,-7.2500,23.7500,-7.075,0.515,1.647,-7.438,1.063,1.599,8
6.333331,-7.3889,23.8889,-7.008,0.429,1.652,-7.438,1.063,1.599,8
6.341664,-7.5278,24.0278,-6.940,0.348,1.654,-7.438,1.063,1.599,8
6.349997,-7.6667,24.1667,-6.874,0.265,1.657,-7.042,0.478,1.647,7
6.358331,-7.8056,24.3056,-6.807,0.193,1.658,-7.042,0.478,1.647,7
6.366664,-7.9445,24.4445,-6.744,0.116,1.658,-7.042,0.478,1.647,7
6.374997,-8.0834,24.5834,-6.679,0.053,1.656,-7.042,0.478,1.647,7
6.383331,-8.2223,24.7223,-6.620,-0.013,1.654,-7.042,0.478,1.647,7
6.391664,-8.3611,24.8611,-6.560,-0.073,1.651,-7.042,0.478,1.647,7
6.399997,-8.5000,25.0000,-6.505,-0.130,1.648,-6.652,0.024,1.654,7
6.408331,-8.6389,25.1389,-6.450,-0.183,1.643,-6.652,0.024,1.654,7
6.416664,-8.7778,25.2778,-6.398,-0.229,1.637,-6.652,0.024,1.654,7
6.424997,-8.9167,25.4167,-6.351,-0.277,1.632,-6.652,0.024,1.654,7
6.433331,-9.0556,25.5556,-6.304,-0.317,1.625,-6.652,0.024,1.654,7
6.441664,-9.1945,25.6945,-6.265,-0.357,1.618,-6.652,0.024,1.654,7
6.449997,-9.3334,25.8334,-6.223,-0.390,1.609,-6.332,-0.292,1.627,6
6.458331,-9.4723,25.9723,-6.189,-0.422,1.602,-6.332,-0.292,1.627,6
6.466664,-9.6112,26.1112,-6.154,-0.452,1.594,-6.332,-0.292,1.627,6
6.474997,-9.7500,26.2500,-6.125,-0.478,1.586,-6.332,-0.292,1.627,6
6.483331,-9.8889,26.3889,-6.097,-0.503,1.577,-6.332,-0.292,1.627,6
6.491664,-10.0278,26.5278,-6.072,-0.522,1.568,-6.332,-0.292,1.627,6
6.499997,-10.1667,26.6667,-6.052,-0.543,1.560,-6.115,-0.487,1.581,6
6.508331,-10.3056,26.8056,-6.030,-0.560,1.551,-6.115,-0.487,1.581,6
6.516664,-10.4445,26.9445,-6.017,-0.577,1.543,-6.115,-0.487,1.581,6
6.524997,-10.5834,27.0834,-6.000,-0.591,1.532,-6.115,-0.487,1.581,6
6.533331,-10.7223,27.2223,-5.991,-0.604,1.524,-6.115,-0.487,1.581,6
6.541664,-10.8612,27.3612,-5.980,-0.616,1.514,-6.115,-0.487,1.581,6
6.549997,-11.0000,27.5000,-5.975,-0.627,1.505,-5.999,-0.596,1.528,6
6.558331,-11.1389,27.6389,-5.969,-0.638,1.495,-5.999,-0.596,1.528,6
6.566664,-11.2778,27.7778,-5.965,-0.645,1.485,-5.999,-0.596,1.528,6
6.574997,-11.4167,27.9167,-5.966,-0.656,1.475,-5.999,-0.596,1.528,6
6.583331,-11.5556,28.0556,-5.964,-0.663,1.465,-5.999,-0.596,1.528,6
6.591664,-11.6945,28.1945,-5.968,-0.672,1.456,-5.999,-0.596,1.528,6
6.599997,-11.8334,28.3334,-5.969,-0.679,1.445,-5.967,-0.659,1.470,6
6.608331,-11.9723,28.4723,-5.975,-0.687,1.435,-5.967,-0.659,1.470,6
6.616664,-12.1112,28.6112,-5.979,-0.695,1.425,-5.967,-0.659,1.470,6
6.624997,-12.2500,28.7500,-5.986,-0.702,1.415,-5.967,-0.659,1.470,6
6.633331,-12.3889,28.8889,-5.991,-0.711,1.405,-5.967,-0.659,1.470,6
6.641664,-12.5278,29.0278,-5.998,-0.717,1.394,-5.967,-0.659,1.470,6
6.649997,-12.6667,29.1667,-6.006,-0.727,1.384,-5.989,-0.706,1.410,6
6.658331,-12.8056,29.3056,-6.013,-0.735,1.373,-5.989,-0.706,1.410,6
6.666664,-12.9445,29.4445,-6.023,-0.744,1.363,-5.989,-0.706,1.410,6
6.674997,-13.0834,29.5834,-6.030,-0.753,1.351,-5.989,-0.706,1.410,6
6.683331,-13.2223,29.7223,-6.040,-0.763,1.341,-5.989,-0.706,1.410,6
6.691664,-13.3612,29.8612,-6.048,-0.773,1.330,-5.989,-0.706,1.410,6
6.699997,-13.5000,30.0000,-6.058,-0.783,1.319,-6.035,-0.759,1.346,6
6.708331,-13.6389,30.1389,-6.066,-0.794,1.308,-6.035,-0.759,1.346,6
6.716664,-13.7778,30.2778,-6.074,-0.804,1.296,-6.035,-0.759,1.346,6
6.724997,-13.9167,30.4167,-6.084,-0.816,1.285,-6.035,-0.759,1.346,6
6.733331,-14.0556,30.5556,-6.092,-0.828,1.274,-6.035,-0.759,1.346,6
6.741664,-14.1945,30.6945,-6.102,-0.840,1.262,-6.035,-0.759,1.346,6
6.749997,-14.3334,30.8334,-6.109,-0.852,1.250,-6.088,-0.822,1.279,6
6.758331,-14.4723,30.9723,-6.118,-0.864,1.239,-6.088,-0.822,1.279,6
6.766664,-14.6112,31.1112,-6.125,-0.878,1.227,-6.088,-0.822,1.279,6
6.774997,-14.7500,31.2500,-6.134,-0.890,1.215,-6.088,-0.822,1.279,6
6.783331,-14.8889,31.3889,-6.141,-0.903,1.203,-6.088,-0.822,1.279,6
6.791664,-15.0278,31.5278,-6.148,-0.916,1.191,-6.088,-0.822,1.279,6
6.799997,-15.1667,31.6667,-6.156,-0.930,1.179,-6.137,-0.897,1.209,6
6.808331,-15.3056,31.8056,-6.162,-0.945,1.166,-6.137,-0.897,1.209,6
6.816664,-15.4445,31.9445,-6.170,-0.958,1.154,-6.137,-0.897,1.209,6
6.824997,-15.5834,32.0834,-6.175,-0.973,1.142,-6.137,-0.897,1.209,6
6.833331,-15.7223,32.2223,-6.182,-0.986,1.130,-6.137,-0.897,1.209,6
6.841664,-15.8612,32.3612,-6.187,-1.001,1.117,-6.137,-0.897,1.209,6
6.849997,-16.0000,32.5000,-6.193,-1.015,1.105,-6.178,-0.979,1.136,6
6.858331,-16.1389,32.6389,-6.198,-1.030,1.093,-6.178,-0.979,1.136,6
6.866664,-16.2778,32.7778,-6.203,-1.044,1.081,-6.178,-0.979,1.136,6
6.874997,-16.4167,32.9167,-6.208,-1.059,1.068,-6.178,-0.979,1.136,6
6.883331,-16.5556,33.0556,-6.212,-1.075,1.056,-6.178,-0.979,1.136,6
6.891664,-16.6945,33.1945,-6.217,-1.089,1.044,-6.178,-0.979,1.136,6
6.899997,-16.8334,33.3334,-6.220,-1.104,1.032,-6.210,-1.067,1.062,6
6.908331,-16.9723,33.4723,-6.224,-1.118,1.021,-6.210,-1.067,1.062,6
6.916664,-17.1112,33.6112,-6.227,-1.134,1.009,-6.210,-1.067,1.062,6
6.924997,-17.2501,33.7501,-6.231,-1.149,0.998,-6.210,-1.067,1.062,6
6.933331,-17.3889,33.8889,-6.233,-1.164,0.986,-6.210,-1.067,1.062,6
6.941664,-17.5278,34.0278,-6.234,-1.179,0.975,-6.210,-1.067,1.062,6
6.949997,-17.6667,34.1667,-6.237,-1.194,0.964,-6.231,-1.156,0.992,6
6.958331,-17.8056,34.3056,-6.238,-1.210,0.954,-6.231,-1.156,0.992,6
6.966664,-17.9445,34.4445,-6.239,-1.224,0.943,-6.231,-1.156,0.992,6
6.974997,-18.0834,34.5834,-6.239,-1.240,0.933,-6.231,-1.156,0.992,6
6.983331,-18.2223,34.7223,-6.240,-1.254,0.923,-6.231,-1.156,0.992,6
6.991664,-18.3612,34.8612,-6.239,-1.270,0.912,-6.231,-1.156,0.992,6
6.999997,-18.5001,35.0001,-6.240,-1.285,0.903,-6.239,-1.247,0.928,6
7.00833,-18.6389,35.1389,-6.238,-1.300,0.893,-6.239,-1.247,0.928,6
7.016664,-18.7778,35.2778,-6.236,-1.314,0.884,-6.239,-1.247,0.928,6
7.024997,-18.9167,35.4167,-6.235,-1.329,0.875,-6.239,-1.247,0.928,6
7.03333,-19.0556,35.5556,-6.232,-1.344,0.866,-6.239,-1.247,0.928,6
7.041664,-19.1945,35.6945,-6.230,-1.358,0.857,-6.239,-1.247,0.928,6
7.049997,-19.3334,35.8334,-6.226,-1.372,0.848,-6.233,-1.336,0.871,6
7.058331,-19.4723,35.9723,-6.223,-1.385,0.841,-6.233,-1.336,0.871,6
7.066664,-19.6112,36.1112,-6.218,-1.400,0.832,-6.233,-1.336,0.871,6
7.074997,-19.7501,36.2501,-6.214,-1.413,0.825,-6.233,-1.336,0.871,6
7.08333,-19.8889,36.3889,-6.208,-1.426,0.817,-6.233,-1.336,0.871,6
7.091664,-20.0278,36.5278,-6.202,-1.439,0.809,-6.233,-1.336,0.871,6
7.099997,-20.1667,36.6667,-6.197,-1.451,0.802,-6.210,-1.419,0.821,6
7.108331,-20.3056,36.8056,-6.190,-1.463,0.795,-6.210,-1.419,0.821,6
7.116664,-20.4445,36.9445,-6.184,-1.475,0.789,-6.210,-1.419,0.821,6
7.124997,-20.5834,37.0834,-6.175,-1.486,0.782,-6.210,-1.419,0.821,6
7.13333,-20.7223,37.2223,-6.168,-1.497,0.776,-6.210,-1.419,0.821,6
7.141664,-20.8612,37.3612,-6.159,-1.508,0.770,-6.210,-1.419,0.821,6
7.149997,-21.0001,37.5001,-6.151,-1.518,0.764,-6.171,-1.491,0.779,6
7.15833,-21.1389,37.6389,-6.141,-1.527,0.758,-6.171,-1.491,0.779,6
7.166664,-21.2778,37.7778,-6.131,-1.536,0.753,-6.171,-1.491,0.779,6
7.174997,-21.4167,37.9167,-6.122,-1.545,0.748,-6.171,-1.491,0.779,6
7.183331,-21.5556,38.0556,-6.111,-1.553,0.743,-6.171,-1.491,0.779,6
7.191664,-21.6945,38.1945,-6.101,-1.561,0.738,-6.171,-1.491,0.779,6
7.199997,-21.8334,38.3334,-6.089,-1.567,0.733,-6.116,-1.548,0.746,6
7.20833,-21.9723,38.4723,-6.078,-1.574,0.729,-6.116,-1.548,0.746,6
7.216664,-22.1112,38.6112,-6.066,-1.580,0.725,-6.116,-1.548,0.746,6
7.224997,-22.2501,38.7501,-6.055,-1.586,0.721,-6.116,-1.548,0.746,6
7.23333,-22.3889,38.8889,-6.042,-1.590,0.717,-6.116,-1.548,0.746,6
7.241664,-22.5278,39.0278,-6.029,-1.594,0.713,-6.116,-1.548,0.746,6
7.249997,-22.6667,39.1667,-6.017,-1.598,0.710,-6.048,-1.587,0.719,6
7.25833,-22.8056,39.3056,-6.004,-1.601,0.706,-6.048,-1.587,0.719,6
7.266664,-22.9445,39.4445,-5.991,-1.603,0.703,-6.048,-1.587,0.719,6
7.274997,-23.0834,39.5834,-5.977,-1.604,0.700,-6.048,-1.587,0.719,6
7.28333,-23.2223,39.7223,-5.964,-1.605,0.697,-6.048,-1.587,0.719,6
7.291664,-23.3612,39.8612,-5.950,-1.606,0.695,-6.048,-1.587,0.719,6
7.299997,-23.5001,40.0001,-5.936,-1.606,0.692,-5.970,-1.604,0.699,6
7.30833,-23.6390,40.1390,-5.922,-1.604,0.689,-5.970,-1.604,0.699,6
7.316664,-23.7778,40.2778,-5.908,-1.602,0.687,-5.970,-1.604,0.699,6
7.324997,-23.9167,40.4167,-5.894,-1.600,0.685,-5.970,-1.604,0.699,6
7.33333,-24.0556,40.5556,-5.879,-1.596,0.682,-5.970,-1.604,0.699,6
7.341664,-24.1945,40.6945,-5.865,-1.593,0.680,-5.970,-1.604,0.699,6
7.349997,-24.3334,40.8334,-5.850,-1.588,0.678,-5.886,-1.597,0.684,6
7.35833,-24.4723,40.9723,-5.836,-1.583,0.676,-5.886,-1.597,0.684,6
7.366664,-24.6112,41.1112,-5.822,-1.577,0.674,-5.886,-1.597,0.684,6
7.374997,-24.7501,41.2501,-5.808,-1.571,0.673,-5.886,-1.597,0.684,6
7.38333,-24.8890,41.3890,-5.793,-1.563,0.671,-5.886,-1.597,0.684,6
7.391664,-25.0278,41.5278,-5.779,-1.555,0.669,-5.886,-1.597,0.684,6
7.399997,-25.1667,41.6667,-5.765,-1.547,0.667,-5.801,-1.566,0.672,6
7.40833,-25.3056,41.8056,-5.750,-1.538,0.665,-5.801,-1.566,0.672,6
7.416664,-25.4445,41.9445,-5.737,-1.528,0.664,-5.801,-1.566,0.672,6
7.424997,-25.5834,42.0834,-5.722,-1.517,0.662,-5.801,-1.566,0.672,6
7.43333,-25.7223,42.2223,-5.709,-1.506,0.660,-5.801,-1.566,0.672,6
7.441664,-25.8612,42.3612,-5.695,-1.495,0.658,-5.801,-1.566,0.672,6
7.449997,-26.0001,42.5001,-5.682,-1.483,0.657,-5.716,-1.511,0.661,6
7.45833,-26.1390,42.6390,-5.668,-1.470,0.655,-5.716,-1.511,0.661,6
7.466664,-26.2778,42.7778,-5.655,-1.456,0.653,-5.716,-1.511,0.661,6
7.474997,-26.4167,42.9167,-5.642,-1.442,0.651,-5.716,-1.511,0.661,6
7.48333,-26.5556,43.0556,-5.629,-1.428,0.649,-5.716,-1.511,0.661,6
7.491664,-26.6945,43.1945,-5.616,-1.413,0.648,-5.716,-1.511,0.661,6
7.499997,-26.8334,43.3334,-5.603,-1.398,0.645,-5.635,-1.435,0.650,6
7.50833,-26.9723,43.4723,-5.591,-1.382,0.643,-5.635,-1.435,0.650,6
7.516664,-27.1112,43.6112,-5.579,-1.366,0.641,-5.635,-1.435,0.650,6
7.524997,-27.2501,43.7501,-5.567,-1.349,0.639,-5.635,-1.435,0.650,6
7.53333,-27.3890,43.8890,-5.555,-1.332,0.637,-5.635,-1.435,0.650,6
7.541664,-27.5278,44.0278,-5.543,-1.314,0.634,-5.635,-1.435,0.650,6
7.549997,-27.6667,44.1667,-5.532,-1.296,0.632,-5.561,-1.340,0.638,6
7.55833,-27.8056,44.3056,-5.521,-1.278,0.630,-5.561,-1.340,0.638,6
7.566664,-27.9445,44.4445,-5.510,-1.259,0.627,-5.561,-1.340,0.638,6
7.574997,-28.0834,44.5834,-5.499,-1.240,0.624,-5.561,-1.340,0.638,6
7.58333,-28.2223,44.7223,-5.489,-1.221,0.622,-5.561,-1.340,0.638,6
7.591664,-28.3612,44.8612,-5.478,-1.202,0.619,-5.561,-1.340,0.638,6
7.599997,-28.5001,45.0001,-5.469,-1.182,0.616,-5.494,-1.230,0.623,6
7.60833,-28.6390,45.1390,-5.458,-1.162,0.613,-5.494,-1.230,0.623,6
7.616664,-28.7778,45.2778,-5.448,-1.142,0.609,-5.494,-1.230,0.623,6
7.624997,-28.9167,45.4167,-5.439,-1.121,0.606,-5.494,-1.230,0.623,6
7.63333,-29.0556,45.5556,-5.429,-1.101,0.603,-5.494,-1.230,0.623,6
7.641664,-29.1945,45.6945,-5.420,-1.081,0.600,-5.494,-1.230,0.623,6
7.649997,-29.3334,45.8334,-5.410,-1.060,0.596,-5.434,-1.111,0.604,6
7.65833,-29.4723,45.9723,-5.402,-1.039,0.592,-5.434,-1.111,0.604,6
7.666664,-29.6112,46.1112,-5.393,-1.018,0.588,-5.434,-1.111,0.604,6
7.674997,-29.7501,46.2501,-5.384,-0.997,0.584,-5.434,-1.111,0.604,6
7.68333,-29.8890,46.3890,-5.375,-0.975,0.580,-5.434,-1.111,0.604,6
7.691664,-30.0278,46.5278,-5.367,-0.954,0.576,-5.434,-1.111,0.604,6
7.699997,-30.1667,46.6667,-5.359,-0.933,0.572,-5.380,-0.986,0.582,5
7.70833,-30.3056,46.8056,-5.350,-0.911,0.567,-5.380,-0.986,0.582,5
7.716664,-30.4445,46.9445,-5.342,-0.890,0.563,-5.380,-0.986,0.582,5
7.724997,-30.5834,47.0834,-5.333,-0.868,0.558,-5.380,-0.986,0.582,5
7.73333,-30.7223,47.2223,-5.326,-0.846,0.554,-5.380,-0.986,0.582,5
7.741664,-30.8612,47.3612,-5.317,-0.824,0.548,-5.380,-0.986,0.582,5
7.749997,-31.0001,47.5001,-5.310,-0.802,0.544,-5.330,-0.857,0.556,5
7.75833,-31.1390,47.6390,-5.302,-0.780,0.538,-5.330,-0.857,0.556,5
7.766664,-31.2779,47.7779,-5.293,-0.758,0.533,-5.330,-0.857,0.556,5
7.774997,-31.4167,47.9167,-5.286,-0.735,0.528,-5.330,-0.857,0.556,5
7.78333,-31.5556,48.0556,-5.277,-0.713,0.522,-5.330,-0.857,0.556,5
7.791664,-31.6945,48.1945,-5.270,-0.691,0.516,-5.330,-0.857,0.556,5
7.799997,-31.8334,48.3334,-5.262,-0.668,0.510,-5.282,-0.724,0.524,5
7.80833,-31.9723,48.4723,-5.254,-0.645,0.504,-5.282,-0.724,0.524,5
7.816663,-32.1112,48.6112,-5.246,-0.622,0.498,-5.282,-0.724,0.524,5
7.824997,-32.2501,48.7501,-5.239,-0.600,0.492,-5.282,-0.724,0.524,5
7.83333,-32.3890,48.8890,-5.231,-0.576,0.485,-5.282,-0.724,0.524,5
7.841664,-32.5279,49.0279,-5.223,-0.553,0.479,-5.282,-0.724,0.524,5
7.849997,-32.6667,49.1667,-5.215,-0.530,0.472,-5.235,-0.588,0.488,5
7.85833,-32.8056,49.3056,-5.207,-0.506,0.465,-5.235,-0.588,0.488,5
7.866663,-32.9445,49.4445,-5.199,-0.483,0.458,-5.235,-0.588,0.488,5
7.874997,-33.0834,49.5834,-5.191,-0.459,0.451,-5.235,-0.588,0.488,5
7.88333,-33.2223,49.7223,-5.184,-0.434,0.444,-5.235,-0.588,0.488,5
7.891663,-33.3612,49.8612,-5.175,-0.411,0.436,-5.235,-0.588,0.488,5
7.899997,-33.5001,50.0001,-5.168,-0.386,0.429,-5.187,-0.446,0.447,5
7.90833,-33.6390,50.1390,-5.160,-0.362,0.421,-5.187,-0.446,0.447,5
7.916664,-33.7779,50.2779,-5.151,-0.337,0.413,-5.187,-0.446,0.447,5
7.924997,-33.9167,50.4167,-5.144,-0.312,0.406,-5.187,-0.446,0.447,5
7.93333,-34.0556,50.5556,-5.135,-0.287,0.398,-5.187,-0.446,0.447,5
7.941663,-34.1945,50.6945,-5.128,-0.261,0.390,-5.187,-0.446,0.447,5
7.949997,-34.3334,50.8334,-5.120,-0.236,0.381,-5.140,-0.299,0.401,5
7.95833,-34.4723,50.9723,-5.112,-0.210,0.373,-5.140,-0.299,0.401,5
7.966664,-34.6112,51.1112,-5.104,-0.184,0.365,-5.140,-0.299,0.401,5
7.974997,-34.7501,51.2501,-5.096,-0.158,0.356,-5.140,-0.299,0.401,5
7.98333,-34.8890,51.3890,-5.089,-0.132,0.348,-5.140,-0.299,0.401,5
7.991663,-35.0279,51.5279,-5.081,-0.105,0.339,-5.140,-0.299,0.401,5
7.999997,-35.1667,51.6667,-5.073,-0.078,0.330,-5.093,-0.144,0.352,5
