t_s,shoulders_x_m,behind_cab_front_m,side_wind_kmh,shown_kmh
4,31.5000,-15.0000,-0.109,0
4.008332,31.3611,-14.8611,-0.113,0
4.016665,31.2222,-14.7222,-0.117,0
4.024998,31.0834,-14.5834,-0.121,0
4.033332,30.9445,-14.4445,-0.126,0
4.041665,30.8056,-14.3056,-0.130,0
4.049998,30.6667,-14.1667,-0.135,0
4.058332,30.5278,-14.0278,-0.140,0
4.066665,30.3889,-13.8889,-0.145,0
4.074998,30.2500,-13.7500,-0.150,0
4.083332,30.1111,-13.6111,-0.156,0
4.091665,29.9722,-13.4722,-0.162,0
4.099998,29.8334,-13.3334,-0.168,0
4.108332,29.6945,-13.1945,-0.174,0
4.116665,29.5556,-13.0556,-0.181,0
4.124998,29.4167,-12.9167,-0.187,0
4.133332,29.2778,-12.7778,-0.195,0
4.141665,29.1389,-12.6389,-0.202,0
4.149998,29.0000,-12.5000,-0.210,0
4.158332,28.8611,-12.3611,-0.218,0
4.166665,28.7222,-12.2222,-0.226,0
4.174998,28.5834,-12.0834,-0.235,0
4.183332,28.4445,-11.9445,-0.244,0
4.191665,28.3056,-11.8056,-0.254,0
4.199998,28.1667,-11.6667,-0.264,0
4.208332,28.0278,-11.5278,-0.274,0
4.216665,27.8889,-11.3889,-0.285,0
4.224998,27.7500,-11.2500,-0.297,0
4.233332,27.6111,-11.1111,-0.309,0
4.241665,27.4722,-10.9722,-0.321,0
4.249998,27.3334,-10.8334,-0.334,0
4.258332,27.1945,-10.6945,-0.348,0
4.266665,27.0556,-10.5556,-0.362,0
4.274998,26.9167,-10.4167,-0.377,0
4.283332,26.7778,-10.2778,-0.393,0
4.291665,26.6389,-10.1389,-0.409,0
4.299998,26.5000,-10.0000,-0.426,0
4.308332,26.3611,-9.8611,-0.445,0
4.316665,26.2222,-9.7222,-0.464,0
4.324998,26.0834,-9.5834,-0.484,0
4.333332,25.9445,-9.4445,-0.505,0
4.341665,25.8056,-9.3056,-0.527,0
4.349998,25.6667,-9.1667,-0.550,0
4.358332,25.5278,-9.0278,-0.574,0
4.366665,25.3889,-8.8889,-0.599,0
4.374998,25.2500,-8.7500,-0.626,0
4.383332,25.1111,-8.6111,-0.654,0
4.391665,24.9722,-8.4722,-0.684,0
4.399998,24.8334,-8.3334,-0.716,-1
4.408332,24.6945,-8.1945,-0.749,-1
4.416665,24.5556,-8.0556,-0.783,-1
4.424998,24.4167,-7.9167,-0.820,-1
4.433332,24.2778,-7.7778,-0.859,-1
4.441665,24.1389,-7.6389,-0.900,-1
4.449998,24.0000,-7.5000,-0.942,-1
4.458331,23.8611,-7.3611,-0.988,-1
4.466665,23.7222,-7.2222,-1.036,-1
4.474998,23.5833,-7.0833,-1.088,-1
4.483332,23.4445,-6.9445,-1.141,-1
4.491665,23.3056,-6.8056,-1.199,-1
4.499998,23.1667,-6.6667,-1.259,-1
4.508331,23.0278,-6.5278,-1.323,-1
4.516665,22.8889,-6.3889,-1.391,-1
4.524998,22.7500,-6.2500,-1.463,-1
4.533332,22.6111,-6.1111,-1.540,-1
4.541665,22.4722,-5.9722,-1.621,-1
4.549998,22.3333,-5.8333,-1.708,-2
4.558332,22.1945,-5.6945,-1.799,-2
4.566665,22.0556,-5.5556,-1.898,-2
4.574998,21.9167,-5.4167,-2.001,-2
4.583331,21.7778,-5.2778,-2.112,-2
4.591665,21.6389,-5.1389,-2.230,-2
4.599998,21.5000,-5.0000,-2.356,-2
4.608332,21.3611,-4.8611,-2.491,-2
4.616665,21.2222,-4.7222,-2.634,-2
4.624998,21.0833,-4.5833,-2.788,-2
4.633331,20.9445,-4.4445,-2.952,-2
4.641665,20.8056,-4.3056,-3.127,-2
4.649998,20.6667,-4.1667,-3.313,-3
4.658332,20.5278,-4.0278,-3.513,-3
4.666665,20.3889,-3.8889,-3.727,-3
4.674998,20.2500,-3.7500,-3.954,-3
4.683332,20.1111,-3.6111,-4.199,-3
4.691665,19.9722,-3.4722,-4.460,-3
4.699998,19.8333,-3.3333,-4.740,-4
4.708331,19.6945,-3.1945,-5.037,-4
4.716665,19.5556,-3.0556,-5.356,-4
4.724998,19.4167,-2.9167,-5.694,-4
4.733331,19.2778,-2.7778,-6.055,-4
4.741665,19.1389,-2.6389,-6.439,-4
4.749998,19.0000,-2.5000,-6.846,-6
4.758331,18.8611,-2.3611,-7.281,-6
4.766665,18.7222,-2.2222,-7.738,-6
4.774998,18.5833,-2.0833,-8.222,-6
4.783331,18.4445,-1.9445,-8.729,-6
4.791665,18.3056,-1.8056,-9.261,-6
4.799998,18.1667,-1.6667,-9.815,-9
4.808331,18.0278,-1.5278,-10.389,-9
4.816665,17.8889,-1.3889,-10.980,-9
4.824998,17.7500,-1.2500,-11.584,-9
4.833331,17.6111,-1.1111,-12.196,-9
4.841665,17.4722,-0.9722,-12.808,-9
4.849998,17.3333,-0.8333,-13.411,-12
4.858331,17.1944,-0.6944,-13.997,-12
4.866665,17.0556,-0.5556,-14.553,-12
4.874998,16.9167,-0.4167,-15.071,-12
4.883331,16.7778,-0.2778,-15.536,-12
4.891665,16.6389,-0.1389,-15.936,-12
4.899998,16.5000,-0.0000,-16.268,-15
4.908331,16.3611,0.1389,-16.507,-15
4.916665,16.2222,0.2778,-16.667,-15
4.924998,16.0833,0.4167,-16.739,-15
4.933331,15.9444,0.5556,-16.730,-15
4.941665,15.8056,0.6944,-16.644,-15
4.949998,15.6667,0.8333,-16.491,-17
4.958331,15.5278,0.9722,-16.277,-17
4.966665,15.3889,1.1111,-16.012,-17
4.974998,15.2500,1.2500,-15.706,-17
4.983331,15.1111,1.3889,-15.361,-17
4.991665,14.9722,1.5278,-14.991,-17
4.999998,14.8333,1.6667,-14.600,-15
5.008331,14.6944,1.8056,-14.191,-15
5.016665,14.5556,1.9444,-13.772,-15
5.024998,14.4167,2.0833,-13.338,-15
5.033331,14.2778,2.2222,-12.897,-15
5.041665,14.1389,2.3611,-12.439,-15
5.049998,14.0000,2.5000,-11.971,-13
5.058331,13.8611,2.6389,-11.484,-13
5.066665,13.7222,2.7778,-10.978,-13
5.074998,13.5833,2.9167,-10.461,-13
5.083331,13.4444,3.0556,-9.919,-13
5.091665,13.3056,3.1944,-9.366,-13
5.099998,13.1667,3.3333,-8.783,-10
5.108331,13.0278,3.4722,-8.184,-10
5.116665,12.8889,3.6111,-7.562,-10
5.124998,12.7500,3.7500,-6.931,-10
5.133331,12.6111,3.8889,-6.291,-10
5.141665,12.4722,4.0278,-5.657,-10
5.149998,12.3333,4.1667,-5.042,-7
5.158331,12.1944,4.3056,-4.460,-7
5.166665,12.0556,4.4444,-3.925,-7
5.174998,11.9167,4.5833,-3.444,-7
5.183331,11.7778,4.7222,-3.026,-7
5.191665,11.6389,4.8611,-2.671,-7
5.199998,11.5000,5.0000,-2.375,-3
5.208331,11.3611,5.1389,-2.141,-3
5.216665,11.2222,5.2778,-1.947,-3
5.224998,11.0833,5.4167,-1.791,-3
5.233331,10.9444,5.5556,-1.657,-3
5.241665,10.8055,5.6945,-1.544,-3
5.249998,10.6667,5.8333,-1.434,-2
5.258331,10.5278,5.9722,-1.329,-2
5.266665,10.3889,6.1111,-1.217,-2
5.274998,10.2500,6.2500,-1.101,-2
5.283331,10.1111,6.3889,-0.976,-2
5.291665,9.9722,6.5278,-0.842,-2
5.299998,9.8333,6.6667,-0.705,-1
5.308331,9.6944,6.8056,-0.557,-1
5.316664,9.5555,6.9445,-0.413,-1
5.324998,9.4167,7.0833,-0.259,-1
5.333331,9.2778,7.2222,-0.111,-1
5.341665,9.1389,7.3611,0.041,-1
5.349998,9.0000,7.5000,0.190,0
5.358331,8.8611,7.6389,0.335,0
5.366664,8.7222,7.7778,0.480,0
5.374998,8.5833,7.9167,0.617,0
5.383331,8.4444,8.0556,0.755,0
5.391665,8.3055,8.1945,0.883,0
5.399998,8.1667,8.3333,1.012,1
5.408331,8.0278,8.4722,1.132,1
5.416665,7.8889,8.6111,1.249,1
5.424998,7.7500,8.7500,1.360,1
5.433331,7.6111,8.8889,1.468,1
5.441664,7.4722,9.0278,1.570,1
5.449998,7.3333,9.1667,1.669,1
5.458331,7.1944,9.3056,1.763,1
5.466665,7.0555,9.4445,1.856,1
5.474998,6.9167,9.5833,1.944,1
5.483331,6.7778,9.7222,2.032,1
5.491664,6.6389,9.8611,2.117,1
5.499998,6.5000,10.0000,2.200,2
5.508331,6.3611,10.1389,2.288,2
5.516665,6.2222,10.2778,2.368,2
5.524998,6.0833,10.4167,2.458,2
5.533331,5.9444,10.5556,2.535,2
5.541664,5.8055,10.6945,2.627,2
5.549998,5.6667,10.8333,2.702,2
5.558331,5.5278,10.9722,2.790,2
5.566664,5.3889,11.1111,2.867,2
5.574998,5.2500,11.2500,2.948,2
5.583331,5.1111,11.3889,3.031,2
5.591664,4.9722,11.5278,3.103,2
5.599998,4.8333,11.6667,3.192,3
5.608331,4.6944,11.8056,3.256,3
5.616664,4.5555,11.9445,3.351,3
5.624998,4.4166,12.0834,3.413,3
5.633331,4.2778,12.2222,3.501,3
5.641664,4.1389,12.3611,3.569,3
5.649998,4.0000,12.5000,3.646,3
5.658331,3.8611,12.6389,3.725,3
5.666664,3.7222,12.7778,3.792,3
5.674998,3.5833,12.9167,3.883,3
5.683331,3.4444,13.0556,3.941,3
5.691664,3.3055,13.1945,4.045,3
5.699998,3.1666,13.3334,4.104,4
5.708331,3.0278,13.4722,4.200,4
5.716664,2.8889,13.6111,4.272,4
5.724998,2.7500,13.7500,4.358,4
5.733331,2.6111,13.8889,4.445,4
5.741664,2.4722,14.0278,4.520,4
5.749998,2.3333,14.1667,4.621,4
5.758331,2.1944,14.3056,4.686,4
5.766664,2.0555,14.4445,4.799,4
5.774998,1.9166,14.5834,4.864,4
5.783331,1.7778,14.7222,4.966,4
5.791664,1.6389,14.8611,5.042,4
5.799998,1.5000,15.0000,5.132,5
5.808331,1.3611,15.1389,5.222,5
5.816664,1.2222,15.2778,5.301,5
5.824998,1.0833,15.4167,5.406,5
5.833331,0.9444,15.5556,5.477,5
5.841664,0.8055,15.6945,5.593,5
5.849998,0.6666,15.8334,5.666,5
5.858331,0.5278,15.9722,5.774,5
5.866664,0.3889,16.1111,5.857,5
5.874998,0.2500,16.2500,5.952,5
5.883331,0.1111,16.3889,6.042,5
5.891664,-0.0278,16.5278,6.119,5
5.899998,-0.1667,16.6667,6.213,6
5.908331,-0.3056,16.8056,6.270,6
5.916664,-0.4445,16.9445,6.362,6
5.924998,-0.5834,17.0834,6.405,6
5.933331,-0.7222,17.2222,6.473,6
5.941664,-0.8611,17.3611,6.508,6
5.949998,-1.0000,17.5000,6.548,6
5.958331,-1.1389,17.6389,6.575,6
5.966664,-1.2778,17.7778,6.583,6
5.974998,-1.4167,17.9167,6.605,6
5.983331,-1.5556,18.0556,6.585,6
5.991664,-1.6945,18.1945,6.598,6
5.999998,-1.8334,18.3334,6.560,7
6.008331,-1.9722,18.4722,6.547,7
6.016664,-2.1111,18.6111,6.501,7
6.024998,-2.2500,18.7500,6.460,7
6.033331,-2.3889,18.8889,6.410,7
6.041664,-2.5278,19.0278,6.342,7
6.049998,-2.6667,19.1667,6.291,6
6.058331,-2.8056,19.3056,6.201,6
6.066664,-2.9445,19.4445,6.149,6
6.074998,-3.0834,19.5834,6.047,6
6.083331,-3.2223,19.7223,5.975,6
6.091664,-3.3611,19.8611,5.874,6
6.099998,-3.5000,20.0000,5.780,6
6.108331,-3.6389,20.1389,5.684,6
6.116664,-3.7778,20.2778,5.571,6
6.124998,-3.9167,20.4167,5.482,6
6.133331,-4.0556,20.5556,5.354,6
6.141664,-4.1945,20.6945,5.272,6
6.149997,-4.3334,20.8334,5.140,5
6.158331,-4.4723,20.9723,5.044,5
6.166664,-4.6111,21.1111,4.920,5
6.174997,-4.7500,21.2500,4.808,5
6.183331,-4.8889,21.3889,4.698,5
6.191664,-5.0278,21.5278,4.572,5
6.199998,-5.1667,21.6667,4.476,5
6.208331,-5.3056,21.8056,4.339,5
6.216664,-5.4445,21.9445,4.254,5
6.224997,-5.5834,22.0834,4.118,5
6.233331,-5.7223,22.2223,4.021,5
6.241664,-5.8611,22.3611,3.898,5
6.249998,-6.0000,22.5000,3.786,4
6.258331,-6.1389,22.6389,3.682,4
6.266664,-6.2778,22.7778,3.561,4
6.274997,-6.4167,22.9167,3.472,4
6.283331,-6.5556,23.0556,3.345,4
6.291664,-6.6945,23.1945,3.267,4
6.299997,-6.8334,23.3334,3.145,3
6.308331,-6.9723,23.4723,3.056,3
6.316664,-7.1111,23.6111,2.950,3
6.324998,-7.2500,23.7500,2.851,3
6.333331,-7.3889,23.8889,2.764,3
6.341664,-7.5278,24.0278,2.662,3
6.349997,-7.6667,24.1667,2.587,3
6.358331,-7.8056,24.3056,2.486,3
6.366664,-7.9445,24.4445,2.418,3
6.374997,-8.0834,24.5834,2.324,3
6.383331,-8.2223,24.7223,2.251,3
6.391664,-8.3611,24.8611,2.171,3
6.399997,-8.5000,25.0000,2.093,2
6.408331,-8.6389,25.1389,2.029,2
6.416664,-8.7778,25.2778,1.956,2
6.424997,-8.9167,25.4167,1.897,2
6.433331,-9.0556,25.5556,1.829,2
6.441664,-9.1945,25.6945,1.774,2
6.449997,-9.3334,25.8334,1.712,2
6.458331,-9.4723,25.9723,1.656,2
6.466664,-9.6112,26.1112,1.603,2
6.474997,-9.7500,26.2500,1.549,2
6.483331,-9.8889,26.3889,1.503,2
6.491664,-10.0278,26.5278,1.455,2
6.499997,-10.1667,26.6667,1.411,2
6.508331,-10.3056,26.8056,1.367,2
6.516664,-10.4445,26.9445,1.324,2
6.524997,-10.5834,27.0834,1.283,2
6.533331,-10.7223,27.2223,1.242,2
6.541664,-10.8612,27.3612,1.204,2
6.549997,-11.0000,27.5000,1.164,1
6.558331,-11.1389,27.6389,1.128,1
6.566664,-11.2778,27.7778,1.092,1
6.574997,-11.4167,27.9167,1.056,1
6.583331,-11.5556,28.0556,1.021,1
6.591664,-11.6945,28.1945,0.986,1
6.599997,-11.8334,28.3334,0.951,1
6.608331,-11.9723,28.4723,0.917,1
6.616664,-12.1112,28.6112,0.883,1
6.624997,-12.2500,28.7500,0.849,1
6.633331,-12.3889,28.8889,0.816,1
6.641664,-12.5278,29.0278,0.782,1
6.649997,-12.6667,29.1667,0.750,1
6.658331,-12.8056,29.3056,0.716,1
6.666664,-12.9445,29.4445,0.685,1
6.674997,-13.0834,29.5834,0.650,1
6.683331,-13.2223,29.7223,0.619,1
6.691664,-13.3612,29.8612,0.585,1
6.699997,-13.5000,30.0000,0.552,1
6.708331,-13.6389,30.1389,0.521,1
6.716664,-13.7778,30.2778,0.487,1
6.724997,-13.9167,30.4167,0.457,1
6.733331,-14.0556,30.5556,0.423,1
6.741664,-14.1945,30.6945,0.395,1
6.749997,-14.3334,30.8334,0.360,0
6.758331,-14.4723,30.9723,0.330,0
6.766664,-14.6112,31.1112,0.297,0
6.774997,-14.7500,31.2500,0.265,0
6.783331,-14.8889,31.3889,0.235,0
6.791664,-15.0278,31.5278,0.202,0
6.799997,-15.1667,31.6667,0.174,0
6.808331,-15.3056,31.8056,0.140,0
6.816664,-15.4445,31.9445,0.114,0
6.824997,-15.5834,32.0834,0.080,0
6.833331,-15.7223,32.2223,0.052,0
6.841664,-15.8612,32.3612,0.021,0
6.849997,-16.0000,32.5000,-0.010,0
6.858331,-16.1389,32.6389,-0.038,0
6.866664,-16.2778,32.7778,-0.069,0
6.874997,-16.4167,32.9167,-0.094,0
6.883331,-16.5556,33.0556,-0.127,0
6.891664,-16.6945,33.1945,-0.150,0
6.899997,-16.8334,33.3334,-0.182,0
6.908331,-16.9723,33.4723,-0.208,0
6.916664,-17.1112,33.6112,-0.236,0
6.924997,-17.2501,33.7501,-0.265,0
6.933331,-17.3889,33.8889,-0.289,0
6.941664,-17.5278,34.0278,-0.317,0
6.949997,-17.6667,34.1667,-0.340,0
6.958331,-17.8056,34.3056,-0.368,0
6.966664,-17.9445,34.4445,-0.389,0
6.974997,-18.0834,34.5834,-0.417,0
6.983331,-18.2223,34.7223,-0.439,0
6.991664,-18.3612,34.8612,-0.463,0
6.999997,-18.5001,35.0001,-0.487,0
7.00833,-18.6389,35.1389,-0.507,0
7.016664,-18.7778,35.2778,-0.531,0
7.024997,-18.9167,35.4167,-0.548,0
7.03333,-19.0556,35.5556,-0.572,0
7.041664,-19.1945,35.6945,-0.588,0
7.049997,-19.3334,35.8334,-0.610,-1
7.058331,-19.4723,35.9723,-0.627,-1
7.066664,-19.6112,36.1112,-0.645,-1
7.074997,-19.7501,36.2501,-0.664,-1
7.08333,-19.8889,36.3889,-0.678,-1
7.091664,-20.0278,36.5278,-0.696,-1
7.099997,-20.1667,36.6667,-0.708,-1
7.108331,-20.3056,36.8056,-0.725,-1
7.116664,-20.4445,36.9445,-0.736,-1
7.124997,-20.5834,37.0834,-0.751,-1
7.13333,-20.7223,37.2223,-0.762,-1
7.141664,-20.8612,37.3612,-0.774,-1
7.149997,-21.0001,37.5001,-0.787,-1
7.15833,-21.1389,37.6389,-0.794,-1
7.166664,-21.2778,37.7778,-0.805,-1
7.174997,-21.4167,37.9167,-0.812,-1
7.183331,-21.5556,38.0556,-0.820,-1
7.191664,-21.6945,38.1945,-0.826,-1
7.199997,-21.8334,38.3334,-0.833,-1
7.20833,-21.9723,38.4723,-0.838,-1
7.216664,-22.1112,38.6112,-0.843,-1
7.224997,-22.2501,38.7501,-0.848,-1
7.23333,-22.3889,38.8889,-0.849,-1
7.241664,-22.5278,39.0278,-0.852,-1
7.249997,-22.6667,39.1667,-0.853,-1
7.25833,-22.8056,39.3056,-0.854,-1
7.266664,-22.9445,39.4445,-0.853,-1
7.274997,-23.0834,39.5834,-0.853,-1
7.28333,-23.2223,39.7223,-0.852,-1
7.291664,-23.3612,39.8612,-0.849,-1
7.299997,-23.5001,40.0001,-0.848,-1
7.30833,-23.6390,40.1390,-0.843,-1
7.316664,-23.7778,40.2778,-0.839,-1
7.324997,-23.9167,40.4167,-0.834,-1
7.33333,-24.0556,40.5556,-0.828,-1
7.341664,-24.1945,40.6945,-0.822,-1
7.349997,-24.3334,40.8334,-0.815,-1
7.35833,-24.4723,40.9723,-0.809,-1
7.366664,-24.6112,41.1112,-0.800,-1
7.374997,-24.7501,41.2501,-0.793,-1
7.38333,-24.8890,41.3890,-0.783,-1
7.391664,-25.0278,41.5278,-0.773,-1
7.399997,-25.1667,41.6667,-0.763,-1
7.40833,-25.3056,41.8056,-0.752,-1
7.416664,-25.4445,41.9445,-0.741,-1
7.424997,-25.5834,42.0834,-0.729,-1
7.43333,-25.7223,42.2223,-0.717,-1
7.441664,-25.8612,42.3612,-0.704,-1
7.449997,-26.0001,42.5001,-0.692,-1
7.45833,-26.1390,42.6390,-0.678,-1
7.466664,-26.2778,42.7778,-0.664,-1
7.474997,-26.4167,42.9167,-0.649,-1
7.48333,-26.5556,43.0556,-0.634,-1
7.491664,-26.6945,43.1945,-0.620,-1
7.499997,-26.8334,43.3334,-0.604,-1
7.50833,-26.9723,43.4723,-0.589,-1
7.516664,-27.1112,43.6112,-0.572,-1
7.524997,-27.2501,43.7501,-0.557,-1
7.53333,-27.3890,43.8890,-0.539,-1
7.541664,-27.5278,44.0278,-0.522,-1
7.549997,-27.6667,44.1667,-0.505,-1
7.55833,-27.8056,44.3056,-0.487,-1
7.566664,-27.9445,44.4445,-0.471,-1
7.574997,-28.0834,44.5834,-0.453,-1
7.58333,-28.2223,44.7223,-0.436,-1
7.591664,-28.3612,44.8612,-0.417,-1
7.599997,-28.5001,45.0001,-0.401,0
7.60833,-28.6390,45.1390,-0.382,0
7.616664,-28.7778,45.2778,-0.363,0
7.624997,-28.9167,45.4167,-0.345,0
7.63333,-29.0556,45.5556,-0.326,0
7.641664,-29.1945,45.6945,-0.309,0
7.649997,-29.3334,45.8334,-0.290,0
7.65833,-29.4723,45.9723,-0.273,0
7.666664,-29.6112,46.1112,-0.253,0
7.674997,-29.7501,46.2501,-0.236,0
7.68333,-29.8890,46.3890,-0.217,0
7.691664,-30.0278,46.5278,-0.198,0
7.699997,-30.1667,46.6667,-0.180,0
7.70833,-30.3056,46.8056,-0.160,0
7.716664,-30.4445,46.9445,-0.144,0
7.724997,-30.5834,47.0834,-0.123,0
7.73333,-30.7223,47.2223,-0.107,0
7.741664,-30.8612,47.3612,-0.087,0
7.749997,-31.0001,47.5001,-0.070,0
7.75833,-31.1390,47.6390,-0.050,0
7.766664,-31.2779,47.7779,-0.031,0
7.774997,-31.4167,47.9167,-0.014,0
7.78333,-31.5556,48.0556,0.008,0
7.791664,-31.6945,48.1945,0.023,0
7.799997,-31.8334,48.3334,0.045,0
7.80833,-31.9723,48.4723,0.060,0
7.816663,-32.1112,48.6112,0.082,0
7.824997,-32.2501,48.7501,0.098,0
7.83333,-32.3890,48.8890,0.118,0
7.841664,-32.5279,49.0279,0.139,0
7.849997,-32.6667,49.1667,0.155,0
7.85833,-32.8056,49.3056,0.179,0
7.866663,-32.9445,49.4445,0.192,0
7.874997,-33.0834,49.5834,0.217,0
7.88333,-33.2223,49.7223,0.231,0
7.891663,-33.3612,49.8612,0.254,0
7.899997,-33.5001,50.0001,0.271,0
7.90833,-33.6390,50.1390,0.292,0
7.916664,-33.7779,50.2779,0.314,0
7.924997,-33.9167,50.4167,0.330,0
7.93333,-34.0556,50.5556,0.357,0
7.941663,-34.1945,50.6945,0.369,0
7.949997,-34.3334,50.8334,0.396,0
7.95833,-34.4723,50.9723,0.411,0
7.966664,-34.6112,51.1112,0.436,0
7.974997,-34.7501,51.2501,0.454,0
7.98333,-34.8890,51.3890,0.476,0
7.991663,-35.0279,51.5279,0.502,0
7.999997,-35.1667,51.6667,0.518,0
