layout,opening,z_from_m,z_to_m,out_L_s,in_L_s
aioFrontIn,vent_front,all,all,2.47,11.41
aioFrontIn,vent_front,0.00,0.03,1.61,0.98
aioFrontIn,vent_front,0.03,0.06,0.32,3.52
aioFrontIn,vent_front,0.06,0.09,0.15,0.75
aioFrontIn,vent_front,0.09,0.12,0.0,0.33
aioFrontIn,vent_front,0.12,0.15,0.0,0.87
aioFrontIn,vent_front,0.15,0.18,0.0,2.93
aioFrontIn,vent_front,0.18,0.21,0.39,2.03
aioFrontIn,vent_top,all,all,4.03,7.86
aioFrontIn,vent_top,0.03,0.06,1.46,3.22
aioFrontIn,vent_top,0.06,0.09,0.31,0.96
aioFrontIn,vent_top,0.09,0.12,0.84,0.05
aioFrontIn,vent_top,0.12,0.15,0.68,0.55
aioFrontIn,vent_top,0.15,0.18,0.74,3.08
aioFrontIn,vent_slots,all,all,3.18,4.98
aioFrontIn,vent_slots,0.00,0.03,1.83,-0.0
aioFrontIn,vent_slots,0.03,0.06,1.33,0.47
aioFrontIn,vent_slots,0.06,0.09,0.03,1.44
aioFrontIn,vent_slots,0.09,0.12,0.0,1.71
aioFrontIn,vent_slots,0.12,0.15,0.0,1.23
aioFrontIn,vent_slots,0.15,0.18,0.0,0.13
aioFrontBottomIn,vent_front,all,all,15.34,2.88
aioFrontBottomIn,vent_front,0.00,0.03,6.35,0.06
aioFrontBottomIn,vent_front,0.03,0.06,1.43,1.01
aioFrontBottomIn,vent_front,0.06,0.09,0.31,0.28
aioFrontBottomIn,vent_front,0.09,0.12,0.14,0.14
aioFrontBottomIn,vent_front,0.12,0.15,0.35,0.27
aioFrontBottomIn,vent_front,0.15,0.18,0.77,1.01
aioFrontBottomIn,vent_front,0.18,0.21,5.99,0.12
aioFrontBottomIn,vent_top,all,all,9.5,4.55
aioFrontBottomIn,vent_top,0.03,0.06,3.34,2.32
aioFrontBottomIn,vent_top,0.06,0.09,0.87,0.98
aioFrontBottomIn,vent_top,0.09,0.12,0.7,0.07
aioFrontBottomIn,vent_top,0.12,0.15,1.17,0.37
aioFrontBottomIn,vent_top,0.15,0.18,3.42,0.81
aioFrontBottomIn,vent_slots,all,all,3.21,2.85
aioFrontBottomIn,vent_slots,0.00,0.03,1.46,-0.0
aioFrontBottomIn,vent_slots,0.03,0.06,1.56,0.08
aioFrontBottomIn,vent_slots,0.06,0.09,0.07,1.09
aioFrontBottomIn,vent_slots,0.09,0.12,0.0,1.28
aioFrontBottomIn,vent_slots,0.12,0.15,0.09,0.4
aioFrontBottomIn,vent_slots,0.15,0.18,0.04,0.01
