layout,quantity,upwind,asT,difference
positive,"card dust %, 8.5-9 s",46.5637,46.5967,
positive,"card dust %, 9-9.5 s",54.1075,54.1704,
positive,"section, mean |upwind - asT|, points, 8.50 s",,,1.30131
positive,"section, 95th percentile |upwind - asT|, points, 8.50 s",,,4.49535
positive,"section, mean |grad dust|, % per mm, 8.50 s",0.299407,0.398952,
positive,"section, mean dust %, 8.50 s",39.4467,39.1686,
positive,"section, mean |upwind - asT|, points, 9.00 s",,,0.423406
positive,"section, 95th percentile |upwind - asT|, points, 9.00 s",,,1.67899
positive,"section, mean |grad dust|, % per mm, 9.00 s",0.0981401,0.141546,
positive,"section, mean dust %, 9.00 s",48.868,48.6712,
positive,"section, mean |upwind - asT|, points, 9.50 s",,,0.293965
positive,"section, 95th percentile |upwind - asT|, points, 9.50 s",,,0.962876
positive,"section, mean |grad dust|, % per mm, 9.50 s",0.0778872,0.092606,
positive,"section, mean dust %, 9.50 s",52.2272,52.1911,
negative,"card dust %, 8.5-9 s",52.2431,52.0584,
negative,"card dust %, 9-9.5 s",60.7013,60.4336,
negative,"section, mean |upwind - asT|, points, 8.50 s",,,1.51349
negative,"section, 95th percentile |upwind - asT|, points, 8.50 s",,,5.55148
negative,"section, mean |grad dust|, % per mm, 8.50 s",0.262041,0.359489,
negative,"section, mean dust %, 8.50 s",41.8641,41.5507,
negative,"section, mean |upwind - asT|, points, 9.00 s",,,0.464917
negative,"section, 95th percentile |upwind - asT|, points, 9.00 s",,,1.81347
negative,"section, mean |grad dust|, % per mm, 9.00 s",0.1046,0.140343,
negative,"section, mean dust %, 9.00 s",51.6469,51.481,
negative,"section, mean |upwind - asT|, points, 9.50 s",,,0.559087
negative,"section, 95th percentile |upwind - asT|, points, 9.50 s",,,2.10691
negative,"section, mean |grad dust|, % per mm, 9.50 s",0.113235,0.139804,
negative,"section, mean dust %, 9.50 s",54.628,54.564,
